lon,lat,pop
129.3228,35.53646,3631
129.32862,35.54989,615
129.30035,35.51877,27
129.29995,35.50074,0
129.31658,35.505,87
129.30005,35.50525,0
129.27338,35.54621,40
129.33342,35.51827,1520
129.32301,35.54547,3863
129.31729,35.53654,5065
129.29474,35.51434,2584
129.37719,35.50407,390
129.29504,35.52786,636
129.28933,35.51893,0
129.26777,35.54179,277
129.25143,35.55104,4275
129.35598,35.54046,25
129.33955,35.54522,5043
129.35047,35.54054,937
129.31117,35.50959,1982
129.29544,35.54588,0
129.33934,35.53621,1762
129.29524,35.53687,5183
129.35609,35.54497,150
129.31627,35.49148,0
129.30616,35.5322,4963
129.2784,35.5236,0
129.25133,35.54653,1899
129.28943,35.52344,16
129.29985,35.49623,11
129.3773,35.50858,0
129.3229,35.54096,4121
129.3827,35.50399,248
129.31107,35.50508,656
129.35484,35.49089,0
129.28441,35.54605,1495
129.26246,35.55088,53
129.28381,35.51901,15
129.35057,35.54505,4924
129.25113,35.53752,1710
129.36534,35.46819,6
129.25694,35.55096,7197
129.36649,35.51776,0
129.29534,35.54138,2280
129.30025,35.51426,25
129.26216,35.53736,1970
129.37179,35.50866,60
129.33914,35.5272,160
129.33924,35.5317,356
129.31198,35.54564,5141
129.34506,35.54513,4536
129.28451,35.55055,318
129.27309,35.53269,8
129.30065,35.53228,1958
129.34434,35.51359,0
129.36139,35.53587,0
129.2787,35.53712,0
129.33883,35.51368,993
129.26807,35.5553,109
129.27348,35.55072,4090
129.35037,35.53604,2066
129.33414,35.54981,144
129.33893,35.51818,1411
129.31157,35.52761,1537
129.24572,35.54211,0
129.30075,35.53679,5714
129.26226,35.54187,4665
129.33352,35.52277,4225
129.28431,35.54154,10
129.34351,35.47755,6
129.30546,35.50066,37
129.3774,35.51308,10
129.35578,35.53145,0
129.34444,35.5181,7
129.31178,35.53662,2664
129.30055,35.52778,1627
129.28391,35.52352,0
129.32852,35.54539,1538
129.37168,35.50416,158
129.34403,35.50008,0
129.28963,35.53245,2171
129.28411,35.53253,636
129.38281,35.50849,0
129.30586,35.51868,33
129.30015,35.50975,0
129.29514,35.53237,4698
129.26787,35.54629,610
129.31648,35.50049,0
129.30657,35.55023,1013
129.33403,35.5453,7207
129.34465,35.52711,71
129.33393,35.5408,5076
129.36617,35.50424,24
129.31739,35.54105,1511
129.33332,35.51376,822
129.31749,35.54555,5265
129.279,35.55064,1505
129.30626,35.53671,6430
129.30637,35.54121,4177
129.33321,35.50926,0
129.28993,35.54597,34
129.30647,35.54572,6232
129.29484,35.51885,592
129.33373,35.53179,4110
129.3226,35.52745,6414
129.29464,35.50984,0
129.33383,35.53629,2055
129.32832,35.53637,3325
129.33965,35.54973,923
129.34496,35.54063,1392
129.34475,35.53162,856
129.35016,35.52703,0
129.31678,35.51401,1860
129.34454,35.52261,149
129.32239,35.51843,267
129.33362,35.52728,4771
129.2788,35.54162,0
129.31698,35.52302,10533
129.3277,35.50934,9
129.28421,35.53704,1298
129.25675,35.54195,1688
129.31719,35.53204,5939
129.35443,35.47287,0
129.32821,35.53187,6635
129.31208,35.55014,2435
129.32811,35.52736,5349
129.33903,35.52269,696
129.26797,35.5508,4146
129.28983,35.54146,2423
129.36014,35.4818,0
129.25665,35.53744,2166
129.25123,35.54203,809
129.25684,35.54645,2838
129.31668,35.50951,38
129.32842,35.54088,2595
129.3227,35.53195,12232
129.32311,35.54998,961
129.38822,35.5039,15
129.34985,35.51351,0
129.34485,35.53612,1171
129.31127,35.51409,2375
129.27299,35.52819,0
129.3225,35.52294,7293
129.31188,35.54113,4661
129.31147,35.52311,1050
129.37636,35.46802,0
129.31137,35.5186,911
129.30095,35.5458,118
129.33944,35.54071,2125
129.32801,35.52286,4573
129.32209,35.50492,20
129.3276,35.50483,0
129.36035,35.49081,0
129.34882,35.46845,0
129.31688,35.51852,3440
129.37158,35.49965,99
129.28973,35.53695,4195
129.30556,35.50516,0
129.31759,35.55006,1427
129.32219,35.50942,16
129.26767,35.53728,64
129.26236,35.54637,3075
129.32791,35.51835,0
129.31168,35.53212,3549
129.31709,35.52753,4130
129.30566,35.50967,9
129.3275,35.50033,0
129.35567,35.52694,0
129.35006,35.52252,0
129.30085,35.5413,2881
129.2789,35.54613,1033
129.3278,35.51384,42
129.2785,35.5281,19
129.29494,35.52335,10
129.35026,35.53153,9
129.26255,35.55538,2292
129.25704,35.55547,3217
129.36628,35.50875,0
129.30536,35.49615,119
129.41513,35.47643,420
129.42085,35.48535,6350
129.41015,35.49905,0
129.4109,35.53059,14
129.43327,35.54375,3804
129.42668,35.49878,2757
129.41545,35.48995,1642
129.41641,35.5305,15
129.42657,35.49428,3900
129.40983,35.48553,3500
129.42106,35.49437,7783
129.40962,35.47652,1224
129.42117,35.49887,4937
129.42096,35.48986,5575
129.42689,35.50779,5145
129.42776,35.54384,6766
129.45565,35.55691,245
129.43241,35.50771,26
129.43262,35.51672,2552
129.43748,35.4896,0
129.4431,35.49401,0
129.4377,35.49861,26
129.42787,35.54835,1686
129.43187,35.48518,434
129.42679,35.50329,3316
129.43219,35.4987,144
129.42646,35.48977,3969
129.42235,35.54843,448
129.42214,35.53942,1513
129.42636,35.48527,2253
129.42138,35.50788,7356
129.45576,35.56142,199
129.45046,35.57052,26
129.43305,35.53474,681
129.43284,35.52573,4170
129.45025,35.56151,20
129.42257,35.55745,0
129.39966,35.52175,524
129.45587,35.56593,87
129.43176,35.48067,119
129.45035,35.56601,0
129.42128,35.50338,2508
129.40528,35.52617,102
129.43197,35.48968,2363
129.427,35.5123,7492
129.45014,35.557,11
129.41609,35.51698,0
129.43208,35.49419,14
129.42192,35.53041,116
129.4323,35.5032,67
129.42754,35.53483,295
129.42203,35.53492,0
129.40994,35.49003,291
129.42224,35.54393,3300
129.41662,35.53951,0
129.45543,35.5479,20
129.43781,35.50311,9
129.43338,35.54826,21
129.43273,35.52122,79
129.42733,35.52582,11793
129.42722,35.52131,1884
129.41577,35.50346,1587
129.42819,35.56186,6
129.41652,35.53501,18
129.43737,35.48509,0
129.45554,35.55241,146
129.43349,35.55276,0
129.40972,35.48102,2815
129.42625,35.48076,8
129.42074,35.48085,1013
129.41555,35.49445,132
129.42181,35.52591,87
129.43295,35.53024,5008
129.42765,35.53934,1083
129.41566,35.49896,2339
129.41684,35.54852,0
129.41523,35.48094,4394
129.42797,35.55285,0
129.42711,35.51681,7636
129.42743,35.53032,1953
129.43251,35.51221,591
129.42149,35.51239,4121
129.411,35.53509,0
129.4216,35.51689,658
129.42808,35.55736,41
129.41534,35.48544,3995
129.40286,35.65692,0
129.39447,35.53535,1769
129.37389,35.59878,108
129.36952,35.64843,0
129.38376,35.54904,2832
129.44096,35.63378,966
129.35859,35.65311,264
129.39468,35.54437,311
129.44604,35.61567,361
129.33609,35.63542,788
129.34651,35.60822,68
129.33016,35.61748,77
129.31974,35.64469,6
129.37856,35.56265,1544
129.45057,35.57503,101
129.45642,35.58845,7
129.32444,35.60855,0
129.35327,35.6622,0
129.41824,35.6071,14
129.35078,35.55406,1080
129.3131,35.5952,0
129.36358,35.63049,84
129.42884,35.5889,7
129.42408,35.62053,0
129.35786,35.62157,2472
129.41229,35.58916,0
129.36816,35.58985,3252
129.3564,35.55848,1655
129.44506,35.57512,0
129.34099,35.6083,9
129.44517,35.57962,24
129.3134,35.60872,42
129.43003,35.63846,9
129.31371,35.62224,8
129.45708,35.61549,13
129.33599,35.63092,9401
129.35713,35.59002,1912
129.35796,35.62607,1771
129.35838,35.6441,2314
129.33671,35.66246,2893
129.35692,35.58101,27
129.30829,35.62683,23
129.36879,35.61689,33
129.30839,35.63133,133
129.42862,35.57989,33
129.36337,35.62148,584
129.35775,35.61706,170
129.32413,35.59504,14
129.42343,35.59349,0
129.36826,35.59436,3301
129.35317,35.6577,229
129.36921,35.63491,0
129.36795,35.58084,1309
129.34161,35.63534,478
129.33067,35.64001,1239
129.43533,35.62936,39
129.3742,35.6123,0
129.4178,35.58907,0
129.35307,35.65319,5952
129.32423,35.59954,0
129.39171,35.65259,0
129.33078,35.64452,401
129.43522,35.62486,2597
129.37845,35.55814,1617
129.44118,35.64279,167
129.29665,35.59996,0
129.44107,35.63828,1758
129.42916,35.60242,66
129.42873,35.58439,0
129.40072,35.56681,0
129.4468,35.64721,41
129.3463,35.59921,71
129.31381,35.62675,45
129.32975,35.59946,0
129.34671,35.61723,0
129.37378,35.59427,160
129.32536,35.64911,57
129.36223,35.57192,72
129.35223,35.61715,0
129.35671,35.572,33
129.37336,35.57625,50
129.3691,35.63041,9
129.33578,35.6219,95
129.36847,35.60337,7189
129.39192,35.6616,0
129.43954,35.5752,0
129.33109,35.65804,0
129.31401,35.63576,15
129.40849,35.66134,0
129.4072,35.60727,0
129.45145,35.61107,7
129.35286,35.64418,7258
129.33098,35.65353,25
129.30768,35.59979,11
129.36889,35.6214,23
129.39987,35.53076,268
129.43976,35.58422,25
129.3464,35.60371,0
129.3565,35.56299,424
129.42938,35.61143,23
129.36805,35.58535,4122
129.3414,35.62633,8
129.41834,35.6116,35
129.35744,35.60354,209
129.36369,35.635,5448
129.38397,35.55806,1150
129.42472,35.64756,34
129.33516,35.59487,0
129.41401,35.66125,0
129.42483,35.65207,12
129.33568,35.6174,29
129.42927,35.60692,75
129.3462,35.5947,0
129.3845,35.58058,0
129.34151,35.63083,4062
129.29655,35.59545,0
129.35619,35.54947,3596
129.36774,35.57183,0
129.36243,35.58093,644
129.44691,35.65171,18
129.36254,35.58543,2910
129.44615,35.62017,449
129.35192,35.60363,0
129.31442,35.65378,40
129.42375,35.60701,51
129.40296,35.66143,0
129.46204,35.59287,55
129.35255,35.63066,2484
129.35629,35.55398,5241
129.31933,35.62666,0
129.39426,35.52634,0
129.44041,35.61125,9
129.34713,35.63525,1477
129.37867,35.56715,0
129.43965,35.57971,0
129.36753,35.56282,18
129.31892,35.60864,10
129.36379,35.6395,4171
129.42386,35.61152,7
129.33088,35.64902,41
129.37888,35.57617,17
129.36306,35.60796,62
129.34734,35.64427,4295
129.35275,35.63967,3207
129.4191,35.64314,0
129.4562,35.57944,27
129.34202,35.65336,10
129.36858,35.60788,1165
129.32485,35.62658,10
129.36868,35.61238,66
129.34765,35.65778,0
129.44128,35.64729,14
129.35765,35.61255,18
129.40051,35.5578,0
129.38365,35.54454,654
129.36212,35.56741,21
129.37294,35.55823,363
129.36743,35.55831,0
129.33026,35.62199,0
129.46182,35.58386,9
129.43555,35.63837,4481
129.39203,35.66611,9
129.42311,35.57997,0
129.34703,35.63075,3763
129.45167,35.62008,123
129.31391,35.63125,213
129.34078,35.59929,41
129.34192,35.64886,1416
129.36202,35.5629,303
129.40838,35.65684,0
129.35681,35.57651,0
129.36264,35.58994,2965
129.33619,35.63993,8
129.43511,35.62035,0
129.31984,35.64919,6
129.35203,35.60813,29
129.3363,35.64443,0
129.44063,35.62026,0
129.40656,35.58024,0
129.36348,35.62599,306
129.42905,35.59791,30
129.39755,35.66602,0
129.32505,35.63559,3924
129.3135,35.61323,0
129.32495,35.63108,3873
129.35702,35.58552,87
129.38895,35.53544,1461
129.34182,35.64435,135
129.34754,35.65328,3535
129.36411,35.65302,0
129.37877,35.57166,0
129.36317,35.61247,36
129.35827,35.63959,4462
129.34213,35.65787,1265
129.33681,35.66696,375
129.35088,35.55857,1906
129.35213,35.61264,6
129.37326,35.57175,0
129.36296,35.60346,2916
129.35296,35.64869,4217
129.42895,35.5934,49
129.46226,35.60188,9
129.37357,35.58526,510
129.35754,35.60805,109
129.43544,35.63387,448
129.46237,35.60639,15
129.35817,35.63508,420
129.36327,35.61698,152
129.30799,35.61331,7
129.38917,35.54445,1531
129.41813,35.60259,8
129.33661,35.65795,42
129.36963,35.65294,0
129.3365,35.65345,7
129.32526,35.6446,187
129.3132,35.59971,0
129.33588,35.62641,10
129.39457,35.53986,280
129.33006,35.61298,0
129.37898,35.58067,16
129.38906,35.53995,2813
129.34068,35.59478,23
129.41368,35.64774,0
129.39977,35.52626,668
129.44528,35.58413,0
129.31872,35.59963,11
129.44593,35.61116,39
129.35806,35.63058,2545
129.3413,35.62182,12
129.43457,35.59782,18
129.40307,35.66593,17
129.32454,35.61306,0
129.33037,35.62649,40
129.38885,35.53093,0
129.3133,35.60422,8
129.36191,35.5584,717
129.37368,35.58977,602
129.42364,35.6025,35
129.43014,35.64297,10
129.35848,35.6486,32
129.37005,35.67096,0
129.35244,35.62616,842
129.39001,35.5805,0
129.34223,35.66237,1313
129.36785,35.57634,0
129.32515,35.6401,2492
129.30778,35.6043,37
129.31963,35.64018,0
129.3412,35.61731,8
129.369,35.6259,0
129.43468,35.60233,19
129.41748,35.57556,0
129.36285,35.59895,1705
129.30849,35.63584,12
129.31432,35.64927,11
129.37347,35.58076,37
129.3136,35.61773,0
129.364,35.64852,6
129.33047,35.631,1637
129.34775,35.66229,20
129.38355,35.54003,49
129.4297,35.62494,7
129.44074,35.62477,2128
129.41218,35.58466,0
129.41931,35.65215,31
129.43566,35.64288,9
129.3639,35.64401,1627
129.43414,35.5798,19
129.34109,35.61281,12
129.35234,35.62165,117
129.42494,35.65657,0
129.36233,35.57642,58
129.33057,35.63551,6117
129.33119,35.66254,15
129.44085,35.62927,22
129.45068,35.57953,127
129.35661,35.5675,229
129.46215,35.59738,68
129.43479,35.60683,39
129.38386,35.55355,1404
129.3364,35.64894,0
129.34233,35.66688,111
129.36931,35.63942,0
129.39744,35.66152,0
129.4125,35.59817,0
129.34744,35.64877,991
129.35733,35.59904,260
129.34244,35.67139,0
129.41282,35.61169,0
129.36973,35.65744,0
129.45686,35.60648,140
129.31861,35.59512,0
129.42397,35.61602,54
129.36181,35.55389,209
129.40275,35.65242,0
129.42949,35.61593,8
129.3513,35.57659,871
129.36764,35.56732,9
129.37305,35.56273,518
129.45079,35.58404,0
129.45631,35.58395,169
129.45697,35.61098,185
129.42354,35.598,0
129.38407,35.56256,676
129.34682,35.62174,6
129.33558,35.61289,11
129.36275,35.59445,4597
129.40827,35.65233,21
129.45156,35.61558,145
129.34723,35.63976,2544
129.41272,35.60719,18
129.41942,35.65666,182
129.39436,35.53085,4366
129.4192,35.64765,82
129.37399,35.60329,19
129.31882,35.60413,0
129.42959,35.62044,0
129.30788,35.6088,18
129.44052,35.61576,0
129.40517,35.52166,0
129.34692,35.62624,117
129.30237,35.60889,0
129.35265,35.63517,1637
129.35723,35.59453,815
129.36837,35.59887,5020
129.31943,35.63117,13
129.4349,35.61134,15
129.37315,35.56724,0
129.16582,35.67847,0
129.14096,35.54358,343
129.23923,35.49712,624
129.06403,35.55812,6
129.19391,35.70061,0
129.2403,35.54669,0
129.27563,35.39743,0
129.22143,35.69571,0
129.10761,35.5305,62
129.24957,35.46542,0
129.04283,35.60347,0
129.23508,35.56029,439
129.17899,35.51601,0
129.26609,35.46518,0
129.32984,35.36055,49
129.15759,35.54786,0
129.1719,35.70543,6
129.21998,35.62812,95
129.21989,35.62362,0
129.23557,35.58282,7
129.10977,35.63866,8
129.17743,35.70535,0
129.20484,35.43451,0
129.12929,35.51218,6
129.14188,35.58864,47
129.28594,35.36572,0
129.10344,35.59818,0
129.19971,35.45261,73
129.27642,35.43347,28
129.20598,35.48858,7
129.01999,35.5632,7
129.10707,35.50347,0
129.24889,35.43388,23
129.26196,35.52835,45
129.13765,35.65181,27
129.19011,35.52036,11
129.29393,35.47829,0
129.34156,35.39193,82
129.278,35.50557,0
129.27517,35.62732,0
129.11538,35.64309,0
129.2654,35.43364,19
129.23229,35.68654,32
129.22608,35.65508,143
129.08502,35.50376,7
129.08075,35.56692,15
129.27533,35.38391,45
129.18432,35.50692,13
129.25162,35.56005,56
129.18867,35.71421,0
129.08876,35.69303,33
129.10788,35.54402,463
129.33575,35.3785,0
129.1162,35.68365,6
129.32546,35.41021,41
129.2319,35.66852,61
129.086,35.55333,74
129.17423,35.55214,13
129.17759,35.44841,0
129.13112,35.60231,30
129.29123,35.60455,0
129.21523,35.66425,12
129.19315,35.66456,17
129.23596,35.60085,52
129.24089,35.57373,6381
129.33025,35.37858,6
129.27259,35.51016,0
129.13627,35.58421,17
129.09712,35.55769,8
129.16639,35.43955,0
129.26265,35.55989,80
129.30784,35.36089,6
129.33219,35.46419,10
129.2345,35.53325,0
129.24552,35.53309,9
129.18554,35.5655,30
129.28653,35.39276,0
129.29924,35.4692,0
129.11584,35.66563,0
129.07453,35.53094,0
129.22434,35.57397,43
129.31854,35.3472,105
129.23566,35.58733,0
129.26039,35.45625,0
129.23112,35.63247,0
129.21581,35.69129,13
129.0827,35.66607,0
129.22773,35.47475,0
129.19134,35.57894,0
129.13408,35.47606,0
129.02482,35.52707,0
129.33046,35.38759,23
129.27721,35.46952,14
129.13995,35.49401,39
129.08609,35.55784,76
129.34665,35.37382,14
129.00837,35.53179,39
129.28581,35.60913,22
129.07612,35.61206,109
129.16029,35.67854,6
129.2317,35.65951,30
129.07718,35.66614,20
129.24367,35.44748,0
129.26186,35.52384,98
129.33647,35.41004,0
129.204,35.65539,71
129.31577,35.46895,57
129.15496,35.68763,0
129.15713,35.52533,12
129.23401,35.51072,32
129.16048,35.68756,45
129.2532,35.63215,0
129.15593,35.46674,0
129.22145,35.43878,25
129.28584,35.36121,0
129.34074,35.35588,212
129.25241,35.5961,20
129.1267,35.65646,13
129.09792,35.59825,69
129.22763,35.47024,0
129.08662,35.58488,50
129.29383,35.47379,6
129.23674,35.6369,12
129.30415,35.44208,1699
129.22027,35.64164,33
129.14832,35.63363,28
129.13655,35.59773,12
129.01448,35.56326,6
129.26137,35.50131,0
129.16001,35.66502,0
129.10779,35.53952,967
129.20409,35.6599,51
129.15908,35.61996,35
129.18097,35.61064,38
129.21058,35.70488,0
129.16218,35.50272,6
129.15936,35.63348,34
129.31334,35.3608,12
129.27602,35.41545,1446
129.27052,35.41553,21
129.08627,35.56685,20
129.10851,35.57557,43
129.18469,35.52494,7
129.26946,35.61839,147
129.15227,35.55695,0
129.25251,35.60061,0
129.16423,35.60186,0
129.29644,35.34302,38
129.1086,35.58008,19
129.28663,35.39726,44
129.06455,35.58516,0
129.19201,35.61049,0
129.28083,35.38383,8
129.26748,35.52827,0
129.15393,35.63806,92
129.01371,35.5227,13
129.2599,35.43372,0
129.19411,35.44818,105
129.12442,35.5438,50
129.24947,35.46091,0
129.16676,35.45758,69
129.24621,35.56464,170
129.13323,35.70596,0
129.3325,35.47771,0
129.14004,35.49851,14
129.19962,35.70955,31
129.28703,35.41529,139
129.25498,35.46083,0
129.22105,35.67769,0
129.28341,35.50099,26
129.17003,35.6153,0
129.02008,35.5677,13
129.31905,35.36973,45
129.17217,35.453,31
129.09214,35.5848,13
129.22706,35.44321,0
129.00862,35.54531,0
129.17796,35.46644,29
129.25153,35.55555,2982
129.24406,35.4655,0
129.19191,35.60598,16
129.10335,35.59367,48
129.13554,35.54816,0
129.12725,35.6835,0
129.28601,35.61815,11
129.22677,35.42969,6
129.27761,35.48755,30
129.05965,35.61678,37
129.2464,35.57365,3219
129.28631,35.63166,26
129.23363,35.4927,219
129.29764,35.3971,0
129.12063,35.6295,0
129.08306,35.68409,8
129.29434,35.49632,68
129.17283,35.48454,0
129.15505,35.69214,0
129.30264,35.37449,86
129.12533,35.58887,94
129.16274,35.52976,44
129.29704,35.37006,0
129.11393,35.57099,814
129.18535,35.55649,7
129.11222,35.48537,0
129.15143,35.51639,0
129.16694,35.46659,36
129.22124,35.6867,24
129.33688,35.42806,0
129.26698,35.50574,30
129.16039,35.68305,10
129.20923,35.6418,32
129.24631,35.56914,6060
129.08867,35.68852,8
129.22134,35.69121,25
129.31955,35.39226,29
129.24601,35.55563,13
129.17815,35.47545,23
129.04309,35.61699,81
129.23489,35.55128,0
129.25881,35.63658,11
129.19667,35.56985,8
129.32597,35.43274,0
129.26118,35.4923,9
129.13664,35.60224,89
129.18819,35.69168,0
129.09613,35.50812,8
129.00905,35.56784,0
129.25064,35.51499,21
129.06534,35.62572,0
129.08822,35.66599,77
129.25714,35.55997,16
129.08128,35.59396,0
129.25862,35.62756,6
129.08591,35.54882,6
129.16667,35.45307,0
129.27005,35.64543,0
129.12866,35.48064,13
129.2077,35.5697,14
129.14823,35.62912,18
129.05448,35.63488,60
129.25921,35.40217,0
129.30334,35.40603,0
129.17357,35.52059,7
129.20429,35.66891,26
129.34737,35.40536,0
129.25606,35.5104,0
129.23778,35.42953,0
129.1486,35.64715,9
129.14786,35.6111,34
129.29724,35.37907,0
129.35735,35.36013,131
129.32138,35.47337,28
129.31864,35.35171,14
129.17834,35.48446,11
129.07594,35.60305,36
129.07585,35.59854,21
129.10236,35.5441,1896
129.0543,35.62587,13
129.18983,35.50684,20
129.21029,35.69137,6
129.07576,35.59403,58
129.34707,35.39185,171
129.16339,35.5613,39
129.11881,35.53937,81
129.16872,35.55221,0
129.31486,35.4284,717
129.13949,35.47147,0
129.18545,35.561,116
129.26442,35.38857,0
129.25084,35.524,13
129.16451,35.61538,12
129.09999,35.7019,0
129.28673,35.40177,154
129.24611,35.56013,14
129.18851,35.44375,0
129.15319,35.60201,0
129.26896,35.59586,0
129.21652,35.4659,93
129.34624,35.3558,162
129.08057,35.55791,43
129.29654,35.34753,347
129.13075,35.58429,28
129.14105,35.54808,1373
129.19981,35.71856,8
129.17749,35.44391,34
129.1371,35.62477,66
129.08066,35.56241,6
129.32648,35.45527,0
129.10833,35.56656,1075
129.09658,35.53065,14
129.20914,35.63729,46
129.28162,35.41988,358
129.24533,35.52408,916
129.26491,35.41111,57
129.24328,35.42945,0
129.19487,35.48423,7
129.34146,35.38742,807
129.28222,35.44691,0
129.09783,35.59374,45
129.29964,35.48722,1495
129.10797,35.54853,22
129.16834,35.53419,0
129.34614,35.35129,36
129.12578,35.6114,91
129.21543,35.67326,0
129.29353,35.46027,666
129.28019,35.60471,6
129.09703,35.55318,0
129.23875,35.47459,28
129.19743,35.6059,0
129.10218,35.53508,28
129.23537,35.57381,82
129.18507,35.54297,0
129.27101,35.43806,19
129.06945,35.55355,8
129.11656,35.70168,15
129.15685,35.51181,36
129.11439,35.59352,15
129.31445,35.41037,13
129.18888,35.46178,7
129.11529,35.63859,24
129.19096,35.56092,6
129.31965,35.39677,12
129.16011,35.66953,19
129.23576,35.59183,7
129.15658,35.49829,11
129.28611,35.62265,9
129.11466,35.60704,0
129.24898,35.43838,6
129.1774,35.4394,21
129.16993,35.6108,12
129.30945,35.43298,2310
129.11638,35.69266,7
129.16516,35.64692,8
129.20438,35.67342,9
129.11927,35.5619,884
129.13673,35.60674,20
129.2,35.46613,43
129.28863,35.48739,16
129.29403,35.4828,0
129.0973,35.5667,22
129.1417,35.57963,33
129.05413,35.61685,74
129.14252,35.62019,64
129.07025,35.59411,0
129.2099,35.67334,0
129.24079,35.56922,5245
129.14906,35.66968,0
129.28143,35.41086,4125
129.32689,35.47329,9
129.10896,35.5981,85
129.0706,35.61213,42
129.17536,35.60621,0
129.13618,35.5797,69
129.29134,35.36113,39
129.35174,35.35571,175
129.16076,35.70107,35
129.11647,35.69717,9
129.2779,35.50107,7
129.04887,35.63044,10
129.29884,35.45117,1900
129.19182,35.60147,16
129.14124,35.5571,12
129.09071,35.5127,14
129.26481,35.4066,44
129.17236,35.46201,6
129.17554,35.61523,0
129.22037,35.64615,49
129.12506,35.57535,530
129.26678,35.49672,24
129.14133,35.5616,0
129.11429,35.58902,27
129.25339,35.64116,6
129.16125,35.45765,24
129.26404,35.62298,160
129.28182,35.42889,7
129.16088,35.43963,0
129.11872,35.53486,108
129.22114,35.6822,0
129.09125,35.53974,0
129.14851,35.64264,0
129.1133,35.53944,37
129.2406,35.56021,0
129.33524,35.35596,278
129.22667,35.42518,0
129.2655,35.43814,13
129.2404,35.5512,0
129.13213,35.65188,30
129.29664,35.35204,29
129.29694,35.36556,64
129.35267,35.39627,6
129.21038,35.69587,64
129.1199,35.59345,10
129.23324,35.47467,91
129.16507,35.64242,0
129.16638,35.7055,56
129.23683,35.6414,17
129.29183,35.63158,55
129.23914,35.49262,3598
129.07077,35.62114,320
129.14428,35.70581,20
129.29784,35.40611,79
129.32995,35.36506,20
129.27071,35.42454,13
129.29684,35.36105,100
129.33035,35.38308,0
129.15945,35.63799,45
129.12588,35.61591,82
129.28534,35.33868,11
129.31567,35.46444,0
129.27612,35.41996,19
129.1942,35.45269,14
129.17414,35.54763,39
129.23547,35.57832,151
129.14225,35.60667,13
129.22405,35.56045,3828
129.17143,35.6829,11
129.15199,35.54343,61
129.10227,35.53959,11
129.1602,35.67404,0
129.06464,35.58967,81
129.14262,35.62469,7
129.23227,35.42961,0
129.23703,35.65041,58
129.30744,35.34286,12
129.2598,35.42921,26
129.27061,35.42004,22
129.17752,35.70986,0
129.12993,35.54373,55
129.20496,35.70046,31
129.24251,35.3934,0
129.18498,35.53846,23
129.22163,35.70473,0
129.29343,35.45576,673
129.22637,35.6686,64
129.14537,35.48943,0
129.21025,35.42992,83
129.07541,35.57601,0
129.08858,35.68402,0
129.17787,35.46193,70
129.13012,35.55274,582
129.32678,35.46878,18
129.21633,35.45688,21
129.2782,35.51459,9
129.11909,35.55289,266
129.20465,35.42549,8
129.04861,35.61692,55
129.27652,35.43798,7
129.25812,35.60503,0
129.33626,35.40103,24
129.17974,35.55206,219
129.12172,35.68358,7
129.27478,35.6093,20
129.24416,35.47001,20
129.0852,35.51277,71
129.17125,35.67388,0
129.17115,35.66938,7
129.34115,35.37391,6
129.0778,35.69768,0
129.32424,35.35613,6
129.26728,35.51925,9
129.10878,35.58909,14
129.28521,35.5821,0
129.28133,35.40636,1716
129.09649,35.52614,150
129.12597,35.62041,12
129.22309,35.51539,0
129.28683,35.40628,4064
129.25892,35.38865,0
129.28873,35.49189,15
129.26335,35.59143,0
129.06526,35.62122,21
129.07157,35.6617,0
129.16853,35.5432,0
129.19952,35.4436,16
129.26926,35.60938,0
129.08538,35.52178,0
129.11918,35.5574,647
129.07995,35.52636,15
129.16385,35.58383,11
129.01422,35.54974,8
129.24827,35.65927,0
129.35205,35.36923,70
129.14234,35.61117,56
129.12624,35.63393,51
129.07148,35.6572,0
129.25351,35.39324,0
129.33657,35.41454,0
129.13453,35.49859,0
129.21556,35.42083,0
129.10752,35.526,96
129.21475,35.64172,52
129.35185,35.36022,81
129.08004,35.53087,12
129.16629,35.701,12
129.13636,35.58872,44
129.08048,35.5534,10
129.10209,35.53058,436
129.31894,35.36523,120
129.1277,35.70603,33
129.2161,35.70481,40
129.16209,35.49821,0
129.17918,35.52502,0
129.30234,35.36097,0
129.34085,35.36039,25
129.32699,35.4778,0
129.1646,35.61988,7
129.28361,35.51,12
129.17367,35.5251,0
129.25221,35.58709,0
129.28571,35.60463,0
129.05904,35.58524,8
129.28063,35.37481,31
129.08564,35.5353,0
129.35195,35.36473,111
129.08635,35.57136,15
129.07603,35.60755,0
129.13158,35.62484,33
129.29293,35.43323,0
129.13094,35.5933,0
129.25361,35.39775,0
129.14601,35.52097,14
129.23314,35.47017,131
129.14684,35.56153,0
129.15524,35.70115,0
129.28763,35.44232,0
129.13167,35.62935,6
129.09765,35.58473,89
129.0374,35.60805,0
129.20515,35.70947,72
129.13517,35.53013,7
129.20779,35.5742,57
129.32526,35.40119,48
129.16255,35.52074,14
129.23237,35.43412,0
129.27523,35.3794,35
129.10743,35.52149,126
129.1056,35.70633,10
129.07647,35.63009,9
129.30764,35.35187,28
129.16067,35.69657,0
129.26432,35.38407,21
129.21063,35.44795,0
129.25872,35.63207,43
129.08324,35.6931,31
129.22444,35.57847,77
129.12679,35.66097,7
129.14657,35.54801,11
129.28039,35.61372,35
129.28661,35.64518,69
129.23771,35.68196,0
129.16107,35.44864,75
129.09667,35.53516,0
129.36399,35.40962,0
129.30425,35.44659,0
129.217,35.48843,77
129.21446,35.6282,0
129.29094,35.34311,52
129.23015,35.58741,94
129.11231,35.48987,0
129.15328,35.60652,46
129.08013,35.53538,6
129.18668,35.61958,0
129.20419,35.66441,46
129.18328,35.45735,24
129.22232,35.47934,29
129.07559,35.58502,16
129.22579,35.64156,32
129.05457,35.63939,0
129.33586,35.383,220
129.09196,35.57579,18
129.2256,35.63255,23
129.32658,35.45977,9
129.17686,35.67831,16
129.0884,35.67501,0
129.10869,35.58458,8
129.18338,35.46185,88
129.2055,35.46605,351
129.17993,35.56107,49
129.11854,35.52585,0
129.19449,35.46621,7
129.11303,35.52592,9
129.15973,35.65151,27
129.20541,35.46155,250
129.07568,35.58953,64
129.12127,35.66104,10
129.27081,35.42905,13
129.15153,35.5209,21
129.1349,35.51661,0
129.15014,35.4533,0
129.31546,35.45543,14
129.11375,35.56198,3006
129.09622,35.51262,200
129.32455,35.36965,13
129.02576,35.57665,0
129.1632,35.55229,40
129.09375,35.66592,28
129.11999,35.59795,16
129.32097,35.45535,50
129.24069,35.56472,6
129.21456,35.63271,54
129.02559,35.56763,8
129.33719,35.44158,0
129.19543,35.51127,0
129.22203,35.46582,21
129.28202,35.4379,15
129.34871,35.46394,0
129.09142,35.54875,9
129.26177,35.51934,0
129.26325,35.58693,0
129.19039,35.53388,0
129.28671,35.64969,16
129.31076,35.49156,0
129.25459,35.44281,0
129.17134,35.67839,29
129.21245,35.53357,0
129.17106,35.66487,45
129.13085,35.58879,24
129.23713,35.65492,36
129.30505,35.48263,2210
129.1077,35.53501,58
129.19524,35.50226,0
129.30395,35.43307,1004
129.18441,35.51143,106
129.23063,35.60994,0
129.28099,35.64076,30
129.08547,35.52629,34
129.21092,35.46147,28
129.11339,35.54395,64
129.08261,35.66156,0
129.09596,35.4991,0
129.16144,35.46667,65
129.03749,35.61256,0
129.07987,35.52186,0
129.08556,35.5308,10
129.06499,35.6077,18
129.12181,35.68808,15
129.26659,35.48771,0
129.11448,35.59803,8
129.16648,35.44406,40
129.27488,35.6138,73
129.16302,35.54328,0
129.21494,35.65073,22
129.22222,35.47483,127
129.11095,35.69724,16
129.13545,35.54365,57
129.13021,35.55725,2899
129.10698,35.49896,19
129.12163,35.67907,11
129.10156,35.50354,65
129.19021,35.52487,0
129.05869,35.56721,6
129.28823,35.46936,7
129.2039,35.65089,31
129.14647,35.5435,6
129.14013,35.50302,46
129.11963,35.57993,1249
129.22299,35.51088,0
129.33535,35.36047,42
129.32668,35.46428,14
129.31496,35.4329,844
129.11863,35.53036,50
129.0487,35.62143,70
129.17245,35.46651,100
129.14814,35.62462,13
129.22463,35.58749,77
129.18385,35.48439,0
129.23218,35.4251,0
129.20512,35.44803,16
129.09053,35.50368,144
129.1394,35.46697,0
129.13039,35.56626,429
129.26718,35.51475,56
129.31415,35.39685,8
129.22251,35.48835,46
129.28853,35.48288,0
129.19439,35.4617,33
129.31066,35.48706,446
129.06482,35.59868,0
129.20486,35.69595,28
129.11104,35.70175,47
129.2531,35.62764,6
129.0811,35.58495,43
129.22415,35.56496,4913
129.28069,35.62724,22
129.34126,35.37841,0
129.07033,35.59861,131
129.22212,35.47032,15
129.18488,35.53396,6
129.32077,35.44634,10
129.194,35.70512,19
129.30274,35.37899,0
129.2316,35.655,78
129.07497,35.55347,57
129.11457,35.60253,0
129.12008,35.60246,7
129.30794,35.36539,0
129.18973,35.50234,18
129.16497,35.63791,0
129.19733,35.6014,0
129.06,35.63481,8
129.17189,35.43948,46
129.28793,35.45584,238
129.33086,35.40562,0
129.28893,35.5009,8
129.17777,35.45743,111
129.31354,35.36982,0
129.23732,35.66393,28
129.12081,35.63851,70
129.21719,35.49744,6
129.17442,35.56115,29
129.10254,35.55311,0
129.10299,35.57564,46
129.16525,35.65143,12
129.14206,35.59766,10
129.30515,35.48714,2462
129.14611,35.52548,0
129.30955,35.43749,2468
129.08653,35.58037,73
129.11809,35.50332,0
129.15639,35.48927,10
129.31056,35.48255,18
129.33076,35.40111,41
129.1941,35.70963,17
129.24543,35.52859,424
129.29814,35.41963,80
129.07462,35.53545,6
129.23392,35.50622,34
129.22966,35.56488,449
129.05851,35.5582,0
129.15449,35.6651,47
129.17731,35.43489,12
129.21369,35.59215,6
129.01431,35.55425,0
129.13471,35.5076,61
129.09676,35.53966,30
129.32036,35.42831,0
129.13444,35.49408,0
129.17862,35.49798,0
129.28053,35.37031,0
129.17852,35.49348,12
129.24338,35.43396,28
129.23807,35.44305,17
129.12209,35.7016,10
129.29243,35.4107,2545
129.15245,35.56596,7
129.30935,35.42848,3878
129.11972,35.58443,1536
129.2255,35.62804,61
129.09089,35.52171,22
129.29904,35.46019,0
129.10905,35.60261,7
129.17181,35.70092,41
129.33066,35.3966,10
129.08707,35.60741,0
129.20094,35.51119,0
129.30194,35.34294,125
129.32536,35.4057,37
129.32445,35.36514,12
129.29373,35.46928,18
129.20952,35.65532,0
129.27458,35.60028,39
129.10923,35.61162,11
129.18848,35.7052,102
129.33096,35.41012,30
129.16097,35.44413,7
129.18879,35.45727,51
129.15134,35.51188,0
129.34686,35.38283,220
129.02636,35.60819,0
129.01923,35.52263,0
129.08297,35.67958,9
129.166,35.68748,39
129.35745,35.36464,0
129.28621,35.62716,37
129.21015,35.42542,62
129.0796,35.50834,460
129.25891,35.64108,0
129.30224,35.35646,0
129.14271,35.6292,0
129.12487,35.56633,1960
129.118,35.49881,0
129.16264,35.52525,17
129.19657,35.56535,70
129.17824,35.47996,0
129.32414,35.35163,146
129.12478,35.56183,613
129.12072,35.63401,0
129.27468,35.60479,22
129.1498,35.70573,11
129.20075,35.50218,12
129.29333,35.45126,436
129.20228,35.57428,53
129.24138,35.59626,0
129.29804,35.41512,0
129.17012,35.61981,228
129.14216,35.60216,45
129.12569,35.60689,20
129.29144,35.36564,0
129.21623,35.45238,0
129.12515,35.57985,874
129.2601,35.44273,0
129.13057,35.57527,11
129.0868,35.59389,115
129.16825,35.52968,0
129.28153,35.41537,1771
129.00829,35.52728,7
129.27279,35.51917,0
129.29124,35.35663,125
129.10842,35.57106,703
129.22338,35.52891,0
129.22318,35.51989,12
129.07069,35.61664,459
129.32577,35.42372,8
129.22018,35.63713,60
129.14777,35.60659,0
129.01991,35.55869,15
129.1881,35.68717,0
129.27513,35.37489,0
129.05439,35.63037,77
129.17545,35.61072,11
129.16563,35.66945,37
129.16535,35.65594,39
129.26157,35.51032,0
129.12606,35.62492,9
129.18295,35.70527,13
129.23151,35.65049,54
129.23024,35.59191,15
129.21466,35.63721,100
129.01414,35.54524,33
129.15667,35.50279,19
129.17937,35.53403,0
129.11321,35.53494,21
129.22056,35.65516,87
129.2722,35.49214,0
129.08618,35.56234,62
129.12136,35.66555,34
129.05387,35.60333,0
129.25045,35.50598,0
129.1313,35.61132,14
129.25172,35.56456,640
129.26976,35.63191,0
129.21575,35.42984,12
129.09605,35.50361,8
129.08084,35.57143,70
129.21547,35.41633,0
129.15704,35.52082,86
129.19876,35.66899,0
129.11086,35.69274,0
129.29104,35.34761,10
129.25793,35.59602,45
129.32067,35.44183,11
129.04292,35.60798,11
129.14197,35.59315,6
129.102,35.52607,37
129.20942,35.65081,25
129.24811,35.39783,81
129.1943,35.45719,569
129.33005,35.36957,0
129.13535,35.53915,7
129.17087,35.65586,67
129.01931,35.52714,0
129.14023,35.50753,23
129.11249,35.49888,73
129.15955,35.64249,242
129.13885,35.71039,0
129.22686,35.69113,9
129.00913,35.57235,0
129.13417,35.48056,28
129.08644,35.57586,34
129.22657,35.67761,0
129.11484,35.61605,16
129.28783,35.45134,0
129.11357,35.55296,937
129.32404,35.34712,435
129.13959,35.47598,0
129.20505,35.70496,37
129.2783,35.51909,13
129.27012,35.39751,13
129.13701,35.62026,48
129.24699,35.60069,0
129.2657,35.44716,0
129.26973,35.37948,0
129.23034,35.59642,31
129.25941,35.41119,8
129.15217,35.55244,6
129.11755,35.47628,0
129.10317,35.58466,45
129.15824,35.5794,10
129.22879,35.52432,0
129.24001,35.53317,6
129.1189,35.54388,61
129.26876,35.58685,7
129.29133,35.60905,17
129.11366,35.55747,899
129.24484,35.50155,25
129.20933,35.6463,30
129.28192,35.43339,89
129.12396,35.52127,0
129.10887,35.5936,91
129.29794,35.41062,1034
129.0916,35.55776,13
129.24099,35.57824,4605
129.25192,35.57357,12
129.1405,35.52105,0
129.1887,35.45276,83
129.28813,35.46486,31
129.2798,35.58668,0
129.15899,35.61545,14
129.08689,35.59839,111
129.15125,35.50738,57
129.19353,35.68259,0
129.22531,35.61903,28
129.0755,35.58051,12
129.20789,35.57871,0
129.12036,35.61598,75
129.28073,35.37932,103
129.12633,35.63844,14
129.12761,35.70153,9
129.34727,35.40086,0
129.21533,35.66876,10
129.10174,35.51255,0
129.18658,35.61507,0
129.05912,35.58974,19
129.34136,35.38292,688
129.20665,35.52013,0
129.29714,35.37457,0
129.20531,35.45704,15
129.21019,35.68686,0
129.30525,35.49165,992
129.09151,35.55326,15
129.21034,35.43443,0
129.25182,35.56906,416
129.27498,35.61831,28
129.23334,35.47918,40
129.17096,35.66037,14
129.21485,35.64623,56
129.30774,35.35638,6
129.08333,35.69761,9
129.12469,35.55732,14
129.19087,35.55641,2013
129.08671,35.58938,18
129.16134,35.46216,26
129.136,35.57069,0
129.16647,35.71001,0
129.15338,35.61102,17
129.08093,35.57593,18
129.23199,35.67303,0
129.28212,35.44241,0
129.25261,35.60511,0
129.30354,35.41504,66
129.31884,35.36072,0
129.16816,35.52517,0
129.22136,35.43427,10
129.23797,35.43854,18
129.05982,35.62579,0
129.14666,35.55252,9
129.11384,35.56648,5323
129.32128,35.46887,41
129.29844,35.43315,16
129.34167,35.39644,109
129.26019,35.44724,6
129.25783,35.59151,20
129.16572,35.67396,7
129.22521,35.61452,0
129.13563,35.55267,6
129.2799,35.59119,0
129.26394,35.61847,76
129.31506,35.43741,975
129.22995,35.5784,46
129.02551,35.56313,6
129.23693,35.64591,63
129.16085,35.70558,9
129.24768,35.63223,0
129.08315,35.6886,12
129.2287,35.51981,26
129.23421,35.51973,24
129.14574,35.50745,11
129.06963,35.56256,0
129.07042,35.60312,87
129.12524,35.58436,771
129.30254,35.36998,33
129.23982,35.52416,759
129.13462,35.50309,0
129.24245,35.64583,8
129.09241,35.59832,8
129.32158,35.48239,0
129.1544,35.66059,7
129.2162,35.70931,0
129.29263,35.41971,91
129.16079,35.43512,0
129.28803,35.46035,40
129.2465,35.57816,780
129.10183,35.51706,0
129.12027,35.61147,46
129.21006,35.42091,0
129.09801,35.60276,22
129.18841,35.43925,0
129.07016,35.5896,66
129.2405,35.55571,7
129.10192,35.52156,15
129.25094,35.52851,25
129.25803,35.60053,0
129.31597,35.47796,8
129.19686,35.57887,9
129.15458,35.66961,43
129.29914,35.46469,11
129.29203,35.64059,8
129.19848,35.65547,82
129.18857,35.7097,24
129.03162,35.5946,0
129.16441,35.61087,0
129.21591,35.69579,46
129.30244,35.36547,6
129.17677,35.67381,52
129.2781,35.51008,41
129.30344,35.41054,10
129.12911,35.50317,9
129.22047,35.65065,34
129.2344,35.52875,166
129.27711,35.46502,0
129.14758,35.59758,0
129.1256,35.60239,8
129.07409,35.50841,7
129.32026,35.42381,17
129.09232,35.59382,117
129.30385,35.42856,411
129.31996,35.41029,10
129.29754,35.39259,15
129.15741,35.53885,8
129.25882,35.38415,0
129.09187,35.57128,6
129.18347,35.46636,8
129.28009,35.6002,0
129.34635,35.3603,10
129.25212,35.58258,0
129.17871,35.50249,0
129.10147,35.49903,0
129.27567,35.64985,0
129.31874,35.35621,0
129.29674,35.35654,58
129.09739,35.57121,48
129.16797,35.51616,0
129.09249,35.60283,14
129.28623,35.37924,49
129.29323,35.44675,44
129.07515,35.56249,0
129.19125,35.57444,0
129.33168,35.44166,0
129.31314,35.35179,0
129.22107,35.42075,0
129.08137,35.59847,15
129.25439,35.4338,61
129.15486,35.68313,0
129.28693,35.41078,2850
129.253,35.62314,7
129.11782,35.4898,13
129.043,35.61249,60
129.30804,35.3699,0
129.1589,35.61095,6
129.16788,35.51166,14
129.20457,35.68243,0
129.16591,35.68297,0
129.29894,35.45568,11
129.27553,35.39292,44
129.31617,35.48697,0
129.29084,35.3386,0
129.19972,35.71405,193
129.20534,35.71848,27
129.1359,35.56619,8
129.1999,35.46162,100
129.29974,35.49173,42
129.01405,35.54073,34
129.21671,35.47491,0
129.09366,35.66141,26
129.22715,35.70465,0
129.32475,35.37866,0
129.12406,35.52578,0
129.12939,35.51669,27
129.31435,35.40586,56
129.15843,35.58842,0
129.22676,35.68662,55
129.09098,35.52622,18
129.08814,35.66149,28
129.19372,35.6916,32
129.27508,35.62281,0
129.14243,35.61568,9
129.28604,35.37023,6
129.12351,35.49874,79
129.16311,35.54778,25
129.19572,35.52479,0
129.29413,35.4873,1615
129.22647,35.6731,40
129.20962,35.65982,6
129.22076,35.66417,12
129.0649,35.60319,0
129.31844,35.3427,413
129.24821,35.40233,0
129.1462,35.52998,0
129.32046,35.43282,7
129.23131,35.64148,50
129.1821,35.66472,46
129.16469,35.62439,12
129.2286,35.51531,22
129.07435,35.52193,0
129.19392,35.43917,46
129.22126,35.42977,0
129.11294,35.52142,0
129.19962,35.4481,139
129.32434,35.36064,28
129.23884,35.4791,30
129.10326,35.58916,20
129.19953,35.70504,0
129.2169,35.48392,24
129.18012,35.57008,0
129.09116,35.53523,26
129.11258,35.50339,0
129.22453,35.58298,24
129.10308,35.58015,46
129.17984,35.55657,124
129.30915,35.41947,0
129.1152,35.63408,0
129.10734,35.51698,13
129.16769,35.50264,6
129.21331,35.57413,26
129.36285,35.36005,8
129.27002,35.393,27
129.30485,35.47362,0
129.17768,35.45292,35
129.0586,35.5627,14
129.06954,35.55805,67
129.20588,35.48408,0
129.2254,35.62354,29
129.09631,35.51713,20
129.35216,35.37374,0
129.25931,35.40668,0
129.21921,35.59207,0
129.29874,35.44667,16
129.29774,35.40161,63
129.20237,35.57879,72
129.13121,35.60682,20
129.08119,35.58945,44
129.29954,35.48272,1731
129.17255,35.47102,99
129.17806,35.47094,7
129.17909,35.52051,70
129.12451,35.54831,28
129.15565,35.45322,0
129.15533,35.70566,0
129.24226,35.63682,6
129.01456,35.56777,16
129.12118,35.65654,8
129.32954,35.34704,79
129.17395,35.53862,15
129.20827,35.59673,11
129.28531,35.5866,0
129.09721,35.5622,7
129.2318,35.66401,49
129.29173,35.62708,0
129.08698,35.6029,11
129.22328,35.5244,16
129.06009,35.63931,10
129.14179,35.58414,16
129.19401,35.44367,103
129.23247,35.43862,7
129.23256,35.44313,145
129.11936,35.56641,1249
129.29864,35.44216,28
129.25901,35.64559,0
129.25342,35.38873,0
129.27239,35.50115,15
129.08146,35.60297,49
129.15347,35.61553,41
129.13048,35.57077,53
129.07629,35.62107,85
129.21082,35.45696,0
129.17264,35.47553,9
129.16116,35.45315,38
129.23044,35.60093,6
129.32566,35.41922,0
129.11981,35.58894,11
129.16236,35.51173,0
129.05974,35.62129,0
129.08511,35.50826,1182
129.18583,35.57902,581
129.00845,35.53629,26
129.07969,35.51284,60
129.06412,35.56263,6
129.09774,35.58924,0
129.06017,35.64382,0
129.27543,35.38841,14
129.14583,35.51196,9
129.27751,35.48304,6
129.11113,35.70626,25
129.1689,35.56123,9
129.31344,35.36531,0
129.29854,35.43766,31
129.18829,35.69618,6
129.17733,35.70084,0
129.077,35.65712,0
129.12542,35.59337,0
129.09045,35.49918,73
129.13066,35.57978,24
129.33239,35.47321,0
129.29234,35.40619,1625
129.10551,35.70182,79
129.16554,35.66495,18
129.19943,35.43909,71
129.23865,35.47009,127
129.28262,35.46494,41
129.15375,35.62905,13
129.27269,35.51467,22
129.15992,35.66052,13
129.29114,35.35212,36
129.28272,35.46944,84
129.30885,35.40595,9
129.25852,35.62306,76
129.14032,35.51203,36
129.33137,35.42815,0
129.31455,35.41488,0
129.1029,35.57114,132
129.08831,35.6705,66
129.21149,35.48851,637
129.25371,35.40225,0
129.29824,35.42414,7
129.08805,35.65698,0
129.20037,35.48416,0
129.15366,35.62454,0
129.22424,35.56946,18
129.13645,35.59322,15
129.24523,35.51958,32
129.23102,35.62796,10
129.13176,35.63386,0
129.33514,35.35146,9
129.09205,35.5803,116
129.21642,35.46139,13
129.04896,35.63495,35
129.30405,35.43757,1159
129.21902,35.58306,0
129.09748,35.57572,10
129.28883,35.4964,45
129.21681,35.47941,8
129.1246,35.55282,39
129.22155,35.44329,0
129.30925,35.42397,61
129.28302,35.48296,0
129.25842,35.61855,0
129.24679,35.59168,0
129.27249,35.50566,7
129.07727,35.67064,61
129.15871,35.60194,0
129.28833,35.47387,0
129.1563,35.48477,9
129.31324,35.3563,0
129.15356,35.62004,15
129.18309,35.44834,0
129.27632,35.42897,48
129.28564,35.3522,0
129.11945,35.57092,1354
129.13875,35.70588,9
129.12191,35.69259,63
129.02568,35.57214,6
129.29063,35.57751,107
129.21892,35.57855,6
129.25576,35.49688,10
129.34655,35.36932,8
129.16153,35.47117,72
129.12324,35.48522,12
129.15236,35.56145,6
129.22986,35.57389,0
129.21844,35.55602,0
129.13609,35.5752,129
129.26531,35.42913,8
129.13986,35.4895,0
129.26414,35.62748,22
129.19591,35.5338,0
129.31304,35.34728,112
129.21863,35.56503,21
129.07007,35.58509,0
129.19838,35.65097,66
129.25202,35.57808,12
129.22599,35.65057,35
129.30975,35.4465,0
129.07418,35.51291,19
129.07506,35.55798,56
129.23141,35.64599,53
129.14804,35.62011,13
129.2659,35.45617,0
129.13691,35.61576,0
129.21662,35.4704,8
129.26992,35.38849,0
129.20522,35.45253,9
129.30214,35.35196,56
129.17227,35.4575,7
129.20981,35.66883,38
129.28554,35.34769,19
129.20524,35.71398,210
129.28643,35.38825,0
129.24689,35.59618,7
129.32974,35.35605,629
129.12045,35.62049,0
129.26669,35.49222,76
129.1846,35.52044,49
129.18954,35.49332,0
129.28351,35.50549,33
129.20837,35.60124,0
129.16657,35.44856,18
129.09223,35.58931,109
129.33545,35.36498,0
129.07638,35.62558,17
129.28172,35.42438,12
129.12661,35.65196,0
129.11312,35.53043,63
129.34696,35.38734,695
129.2656,35.44265,42
129.11348,35.54846,1470
129.31016,35.46453,8
129.30204,35.34745,29
129.29363,35.46477,53
129.23943,35.50614,41
129.17667,35.6693,0
129.18516,35.54748,86
129.0981,35.60726,50
129.18992,35.51135,6
129.21168,35.49752,12
129.29143,35.61356,0
129.25616,35.51491,0
129.12615,35.62943,35
129.15695,35.51631,45
129.28713,35.41979,94
129.28551,35.59562,0
129.11475,35.61155,7
129.31985,35.40578,39
129.32056,35.43732,0
129.28034,35.36129,0
129.1124,35.49438,0
129.28119,35.64977,13
129.23952,35.51064,47
129.21048,35.70038,42
129.05939,35.60326,0
129.23933,35.50163,11
129.15384,35.63356,26
129.35724,35.35563,46
129.14694,35.56604,7
129.22667,35.68212,44
129.30905,35.41496,24
129.26985,35.63641,0
129.13581,35.56168,2504
129.20503,35.44352,8
129.27042,35.41102,0
129.31425,35.40136,20
129.31975,35.40128,43
129.23787,35.43404,0
129.21514,35.65974,0
129.07951,35.50383,28
129.12848,35.47162,0
129.19867,35.66448,54
129.21379,35.59666,23
129.19296,35.65555,11
129.15537,35.4397,0
129.33158,35.43716,0
129.09169,35.56227,0
129.24348,35.43846,73
129.12424,35.53479,0
129.2257,35.63706,125
129.23586,35.59634,15
129.26127,35.4968,8
129.15964,35.647,84
129.14795,35.61561,46
129.26936,35.61388,17
129.12433,35.5393,20
129.19857,35.65998,0
129.12551,35.59788,0
129.32964,35.35154,77
129.02016,35.57221,9
129.06517,35.61671,137
129.04878,35.62594,0
129.20617,35.4976,0
129.1718,35.43497,12
129.21087,35.7184,23
129.28049,35.61823,0
129.0964,35.52164,56
129.09062,35.50819,254
129.20152,35.53823,0
129.16246,35.51624,11
129.12984,35.53922,39
129.20218,35.56978,0
129.12018,35.60697,22
129.25381,35.40676,0
129.21341,35.57863,64
129.19534,35.50676,9
129.25329,35.63666,0
129.16685,35.46208,55
129.22976,35.56938,177
129.172,35.70993,0
129.05352,35.58531,0
129.16376,35.57933,0
129.21883,35.57405,0
129.1303,35.56175,543
129.33616,35.39652,19
129.09107,35.53072,81
129.28089,35.63625,45
129.32587,35.42823,25
129.23411,35.51523,6
129.21321,35.56962,0
129.28641,35.63617,79
129.08288,35.67508,42
129.21159,35.49301,1872
129.28079,35.63175,7
129.28651,35.64068,82
129.15403,35.64257,65
129.16862,35.54771,479
129.33596,35.38751,79
129.23991,35.52867,913
129.30965,35.442,2150
129.17208,35.44849,30
129.23527,35.5693,1537
129.18286,35.70077,0
129.27592,35.41094,93
129.10281,35.56663,97
129.16704,35.4711,141
129.08102,35.58044,139
129.119,35.54838,190
129.29424,35.49181,7
129.22957,35.56037,9134
129.15648,35.49378,0
129.07621,35.61657,152
129.23518,35.5648,395
129.22696,35.4387,43
129.22889,35.52883,45
129.15421,35.65158,19
129.19676,35.57436,30
129.27091,35.43356,36
129.28059,35.62273,0
129.08199,35.63001,0
129.24396,35.46099,0
129.16778,35.50715,52
129.28029,35.60921,28
129.30855,35.39243,0
129.16844,35.53869,0
129.22066,35.65967,34
129.15556,35.44872,15
129.2778,35.49656,0
129.23972,35.51966,41
129.31274,35.33377,9
129.33606,35.39201,21
129.16544,35.66044,59
129.28614,35.37473,25
129.13572,35.55717,6
129.26956,35.6229,95
129.32087,35.45084,30
129.19419,35.71413,13
129.02585,35.58115,0
129.30875,35.40144,12
129.21585,35.43435,7
129.28312,35.48747,112
129.31516,35.44191,117
129.31405,35.39235,0
129.01397,35.53622,0
129.08279,35.67057,17
129.20493,35.43901,20
129.22085,35.66868,87
129.23073,35.61444,0
129.07771,35.69318,0
129.15208,35.54793,61
129.2343,35.52424,6
129.14675,35.55702,12
129.21101,35.46597,165
129.21854,35.56053,99
129.20085,35.50669,0
129.24358,35.44297,14
129.26708,35.51024,20
129.31587,35.47346,7
129.21566,35.42534,0
129.09756,35.58022,0
129.26983,35.38399,17
129.16713,35.4756,0
129.1518,35.53441,0
129.29154,35.37014,0
129.2171,35.49293,35
129.1292,35.50768,8
129.27771,35.49206,11
129.1845,35.51593,6
129.13103,35.59781,55
129.23219,35.68204,0
129.13682,35.61125,0
129.22008,35.63263,52
129.31536,35.45093,57
129.17199,35.44398,34
129.31046,35.47805,0
129.28544,35.34319,32
129.22589,35.64607,32
129.33229,35.4687,0
129.32117,35.46436,13
129.20448,35.67793,0
129.12496,35.57084,3712
129.26521,35.42462,43
129.03757,35.61707,52
129.28753,35.43782,0
129.14749,35.59307,8
129.13481,35.51211,0
129.30324,35.40152,47
129.21053,35.44344,8
129.17843,35.48897,63
129.18898,35.46628,0
129.14767,35.60209,63
129.11954,35.57542,79
129.12743,35.69251,0
129.31526,35.44642,0
129.29564,35.5549,2849
129.29614,35.57743,14
129.33434,35.55882,1957
129.34047,35.58577,113
129.31228,35.55915,5134
129.30667,35.55473,2306
129.30176,35.58185,11
129.34547,35.56316,3668
129.32944,35.58594,0
129.34568,35.57217,3270
129.29645,35.59094,34
129.31239,35.56366,1695
129.30126,35.55932,6224
129.34058,35.59028,309
129.31249,35.56817,0
129.30196,35.59086,0
129.30728,35.58177,20
129.30738,35.58627,8
129.32965,35.59495,0
129.30717,35.57726,2045
129.32382,35.58152,809
129.29554,35.55039,3038
129.34609,35.59019,443
129.34516,35.54964,1199
129.30677,35.55924,8673
129.32341,35.56349,3040
129.32903,35.56792,3516
129.30748,35.59078,0
129.29053,35.573,0
129.34027,35.57676,1924
129.30115,35.55481,3236
129.2791,35.55514,2020
129.30707,35.57276,2814
129.31269,35.57718,2568
129.26827,35.56432,3270
129.31259,35.57267,1074
129.30186,35.58636,58
129.26817,35.55981,2394
129.34527,35.55415,5504
129.27358,35.55522,1320
129.31821,35.5771,4119
129.31279,35.58169,1369
129.2792,35.55965,92
129.30687,35.56374,2123
129.29023,35.55948,1784
129.26837,35.56882,1375
129.31831,35.5816,1982
129.28491,35.56858,8
129.30105,35.55031,908
129.26847,35.57333,0
129.34558,35.56766,6249
129.29093,35.59103,14
129.34037,35.58127,2609
129.32883,35.55891,3747
129.31289,35.58619,11
129.29584,35.56391,435
129.30697,35.56825,0
129.34006,35.56775,4719
129.33455,35.56783,4338
129.34537,35.55865,4519
129.2793,35.56415,0
129.33465,35.57234,1126
129.32362,35.57251,39
129.32893,35.56341,4550
129.318,35.56808,8
129.34599,35.58569,3642
129.3179,35.56358,497
129.28471,35.55957,141
129.33444,35.56333,4288
129.26305,35.57792,6
129.32403,35.59053,0
129.34589,35.58118,4378
129.32934,35.58143,35
129.30166,35.57734,521
129.35068,35.54956,7
129.30156,35.57284,125
129.34016,35.57226,4408
129.30146,35.56833,0
129.34578,35.57668,3535
129.29043,35.5685,14
129.29013,35.55498,1765
129.29574,35.5594,2791
129.33486,35.58135,381
129.3177,35.55457,1449
129.32913,35.57242,26
129.29073,35.58201,0
129.26285,35.5689,793
129.33475,35.57685,159
129.28481,35.56407,0
129.33975,35.55423,2498
129.33996,35.56324,5063
129.33986,35.55874,2955
129.32872,35.5544,4168
129.31841,35.58611,25
129.35099,35.56307,1982
129.26275,35.5644,254
129.33424,35.55432,4356
129.31218,35.55465,4660
129.35109,35.56758,1791
129.29033,35.56399,347
129.32321,35.55448,2950
129.3512,35.57209,1265
129.30136,35.56383,1743
129.29003,35.55047,2501
129.28461,35.55506,2539
129.3178,35.55907,1790
129.27368,35.55973,3155
129.32352,35.568,51
129.32393,35.58602,28
129.3181,35.57259,1345
129.32372,35.57701,1081
129.32331,35.55899,3351
