sttn_id,sttn_nm,emd_nm,lon,lat
3100073,우정동행정복지센터입구,우정동,129.3127628,35.55529493
3100074,우정동행정복지센터입구,우정동,129.3127628,35.55529493
3100075,약사동행정복지센터앞,약사동,129.3353033,35.57211667
3100076,약사동행정복지센터앞,약사동,129.3353033,35.57211667
3100084,병영1동행정복지센터,남외동,129.3465758,35.56951235
3100087,반구1동행정복지센터앞,반구동,129.3410334,35.55632186
3100088,반구1동행정복지센터앞,반구동,129.3410334,35.55632186
3100093,다운동행정복지센터앞,다운동,129.2742151,35.5568252
3100094,다운동행정복지센터앞,다운동,129.2742151,35.5568252
3100104,푸르지오2차아파트,남외동,129.3462607,35.56529231
3100171,중앙전통시장,옥교동,129.324861,35.55530654
3100172,중부경찰서,남외동,129.3500157,35.57024574
3100181,삼일아파트,남외동,129.346206,35.56833016
3100182,삼일아파트,남외동,129.346206,35.56833016
3100204,말미,다운동,129.2658756,35.57595742
3100206,다운교,다운동,129.2651857,35.57930853
3100207,다운교,다운동,129.2651857,35.57930853
3100212,백양초등학교,성안동,129.3173095,35.57674
3100213,백양초등학교,성안동,129.3173095,35.57674
3100271,선거관리위원회,학성동,129.3322482,35.55548744
3100272,선거관리위원회,학성동,129.3322482,35.55548744
3100273,한라그랜드아파트,반구동,129.3478816,35.55745245
3100274,한라그랜드아파트,반구동,129.3478816,35.55745245
3100275,푸르지오아파트,남외동,129.3492871,35.56528604
3100276,푸르지오아파트,남외동,129.3492871,35.56528604
3100277,종합운동장서문입구,남외동,129.3452708,35.56356192
3100278,종합운동장서문입구,남외동,129.3452708,35.56356192
3100279,웅진빌라,반구동,129.3463952,35.55969153
3100280,웅진빌라,반구동,129.3463952,35.55969153
3100281,용연암,반구동,129.3451366,35.5565377
3100282,용연암,반구동,129.3451366,35.5565377
3100295,울산시립미술관,북정동,129.3197638,35.55756433
3100296,울산시립미술관,북정동,129.3197638,35.55756433
3100297,양사초등학교,교동,129.317775,35.55778567
3100298,양사초등학교,교동,129.317775,35.55778567
3100299,목살골목입구,우정동,129.3167254,35.55606947
3100300,목살골목입구,우정동,129.3167254,35.55606947
3100301,평산초등학교,반구동,129.341462,35.56765829
3100337,강변공영주차장,성남동,129.3207467,35.552359
3100464,신울산종합시장,반구동,129.3382733,35.56148719
3100465,신울산종합시장,반구동,129.3382733,35.56148719
3100508,중앙고입구,태화동,129.2838691,35.55774496
3100509,중앙고입구,태화동,129.2838691,35.55774496
3100510,우정아이파크,우정동,129.309978,35.56214853
3100511,우정아이파크,우정동,129.309978,35.56214853
3100531,병영2동행정복지센터,서동,129.3465237,35.57923749
3100543,울산MBC,복산동,129.3335414,35.56296231
3100548,번영교입구,옥교동,129.3237293,35.55442584
3100567,중부경찰서,남외동,129.3500157,35.57024574
3100568,신중앙시장,학산동,129.3284925,35.55534572
3100595,혜인학교,약사동,129.3382465,35.57424769
3100644,가온고,반구동,129.3435882,35.55315958
3100645,가온고,반구동,129.3435882,35.55315958
3100731,성안청구아파트,성안동,129.3165143,35.57998767
3100732,경찰청,성안동,129.314893,35.57322206
3100733,궁도장,성안동,129.3153019,35.56817504
3100734,성안입구,성안동,129.3199866,35.56201369
3100735,성안입구,교동,129.3199866,35.56201369
3100736,궁도장,교동,129.3153019,35.56817504
3100737,경찰청,성안동,129.314893,35.57322206
3100738,백양사,성안동,129.3122554,35.57412667
3100739,국토정보공사,성안동,129.3089015,35.57514547
3100740,성안금호아파트,성안동,129.3059498,35.57615264
3100741,국토정보공사,성안동,129.3089015,35.57514547
3100742,백양사,성안동,129.3122554,35.57412667
3100743,성안청구아파트,성안동,129.3165143,35.57998767
3100759,홈플러스중구점,복산동,129.3363211,35.56365743
3100760,한국건강관리협회,학산동,129.3263107,35.55745111
3100762,한국건강관리협회,학산동,129.3263107,35.55745111
3100763,계비고개,복산동,129.329126,35.5602968
3100764,울산MBC,복산동,129.3335414,35.56296231
3100882,중앙전통시장,학산동,129.324861,35.55530654
3100884,신중앙시장,학산동,129.3284925,35.55534572
3101083,학남,반구동,129.3407161,35.55385036
3101105,학남,반구동,129.3407161,35.55385036
3101107,다운농협,다운동,129.2724414,35.55817284
3101108,다운파출소,다운동,129.2699574,35.5605313
3101109,다운아파트,다운동,129.2671614,35.56280781
3101110,다운중고등학교,다운동,129.265977,35.56627214
3101111,다운중고등학교,다운동,129.265977,35.56627214
3101112,다운아파트,다운동,129.2671614,35.56280781
3101113,다운농협,다운동,129.2724414,35.55817284
3101117,삼호교,태화동,129.2781917,35.55504884
3101120,태화동,태화동,129.2954346,35.55224472
3101122,태화루,태화동,129.3071811,35.55393657
3101147,태화루,태화동,129.3071811,35.55393657
3101149,태화동,태화동,129.2954346,35.55224472
3101152,삼호교,태화동,129.2781917,35.55504884
3101239,학성초등학교후문,반구동,129.3405449,35.56030912
3101243,병영사거리,남외동,129.3445303,35.56891542
3101245,산전마을,동동,129.3503997,35.57442417
3101272,산전마을,동동,129.3503997,35.57442417
3101274,병영사거리,남외동,129.3445303,35.56891542
3101276,학성초등학교후문,반구동,129.3405449,35.56030912
3101321,동덕현대복산아이파크,복산동,129.3282397,35.56520618
3101322,남운아파트,복산동,129.330617,35.56875254
3101323,남운아파트,복산동,129.330617,35.56875254
3101324,동덕현대복산아이파크,복산동,129.3282397,35.56520618
3101325,복산동행정복지센터앞,복산동,129.3258185,35.56315863
3101327,성안입구,북정동,129.3199866,35.56201369
3101329,우정선경아파트,우정동,129.3123538,35.55817021
3101332,우정선경아파트,우정동,129.3123538,35.55817021
3101334,성안입구,북정동,129.3199866,35.56201369
3101336,복산동행정복지센터앞,복산동,129.3258185,35.56315863
3101339,학성공원,학성동,129.3378584,35.55645653
3101356,서동시장,동동,129.3470304,35.58083876
3101357,삼익세라믹,서동,129.3170549,35.51515428
3101358,혜인학교,남외동,129.3382465,35.57424769
3101359,약사아이파크,남외동,129.3393257,35.57241144
3101360,약사중학교,남외동,129.3394921,35.56954234
3101361,선우시장,남외동,129.3428227,35.56868375
3101363,홈플러스중구점,반구동,129.3363211,35.56365743
3101364,학성공원,학성동,129.3378584,35.55645653
3101366,구역전시장,학산동,129.3274759,35.55809068
3101367,옥교동,옥교동,129.323634,35.55562965
3101380,홈플러스중구점,반구동,129.3363211,35.56365743
3101381,약사래미안아파트,반구동,129.3379643,35.56560158
3101382,평산초등학교,반구동,129.341462,35.56765829
3101383,선우시장,약사동,129.3428227,35.56868375
3101384,약사중학교,약사동,129.3394921,35.56954234
3101385,약사아이파크,약사동,129.3393257,35.57241144
3101386,삼익세라믹앞,서동,129.3413684,35.57771603
3101387,서동시장,서동,129.3470304,35.58083876
3101395,성남프라자,성남동,129.3177796,35.55417521
3101494,학성초등학교,남외동,129.3444963,35.55963307
3101495,학성공원,학성동,129.3378584,35.55645653
3101497,학성배수장,학성동,129.3324074,35.55179813
3101498,풍적맨션,옥교동,129.3276672,35.55202006
3101499,성남동,성남동,129.3182264,35.55283827
3101500,태화루사거리,성남동,129.3098575,35.55301648
3101524,태화루사거리,성남동,129.3098575,35.55301648
3101525,성남동,성남동,129.3182264,35.55283827
3101526,풍적맨션,옥교동,129.3276672,35.55202006
3101527,학성배수장,학성동,129.3324074,35.55179813
3101529,학성공원,학성동,129.3378584,35.55645653
3101530,학성초등학교,반구동,129.3444963,35.55963307
3101986,병영2동행정복지센터,동동,129.3465237,35.57923749
3102087,병영초등학교입구,동동,129.345914,35.57448842
3102315,우정선경1차아파트,우정동,129.3110724,35.55894111
3102320,성남동매일마트,우정동,129.3175984,35.55575354
3102321,복산아이파크,복산동,129.3294631,35.56347348
3102323,동덕현대아파트,복산동,129.3271568,35.56469842
3102324,동광약국,복산동,129.3260797,35.56352663
3102329,일신스토어,교동,129.3157407,35.55785761
3102332,우정공원앞,우정동,129.3114381,35.56061731
3102333,우정아이파크,우정동,129.309978,35.56214853
3102375,애니원고등학교,성안동,129.3204064,35.57814787
3102376,장애인종합복지관,성안동,129.3217602,35.57731119
3102377,시립요양원,성안동,129.3207277,35.57584933
3102380,우정시장,우정동,129.3102522,35.55593536
3102381,강원마트,우정동,129.3139792,35.55632279
3102384,울산시립미술관,성남동,129.3197638,35.55756433
3102385,시계탑사거리,성남동,129.3207105,35.55508709
3102387,번영로입구,옥교동,129.3240426,35.5557057
3102392,G마트,성안동,129.3110363,35.57749876
3102393,신안골드빌,성안동,129.3128063,35.57917208
3102396,유곡중학교,태화동,129.3011183,35.55869733
3102397,동덕현대아파트,태화동,129.3271568,35.56469842
3102398,동덕현대아파트,유곡동,129.3271568,35.56469842
3102399,유곡중학교,유곡동,129.3011183,35.55869733
3102400,축산농협,태화동,129.3069197,35.55645234
3102401,축산농협,우정동,129.3069197,35.55645234
3102404,우정2공영주차장,우정동,129.3149755,35.55549242
3102405,우정2공영주차장,우정동,129.3149755,35.55549242
3102407,울산고등학교,복산동,129.3305538,35.56222869
3102408,구역전시장,학산동,129.3274759,35.55809068
3102413,홈플러스중구점,복산동,129.3363211,35.56365743
3102414,중앙동행정복지센터,학산동,129.3239285,35.55721339
3102415,문화의거리,성남동,129.3211014,35.55606101
3102533,중앙전통시장,옥교동,129.324861,35.55530654
3102535,테크노파크입구,태화동,129.281461,35.55808371
3102537,테크노파크입구,태화동,129.281461,35.55808371
3102687,제니유치원,서동,129.345973,35.57265278
3102696,약사동행정복지센터앞,약사동,129.3353033,35.57211667
3102700,약사중학교,약사동,129.3394921,35.56954234
3102707,푸르지오2차아파트,남외동,129.3462607,35.56529231
3102708,병영시장,남외동,129.3460138,35.57035946
3102709,병영시장,남외동,129.3460138,35.57035946
3102710,제니유치원,동동,129.345973,35.57265278
3102714,솔밭가든,성안동,129.3203207,35.58136237
3102715,솔밭가든,성안동,129.3203207,35.58136237
3102716,내약마을,약사동,129.3258493,35.5828822
3102717,내약마을,약사동,129.3258493,35.5828822
3102821,다운중학교,다운동,129.2689715,35.56835926
3102822,다운중학교,다운동,129.2689715,35.56835926
3102877,시립요양원,성안동,129.3207277,35.57584933
3102878,장애인종합복지관,성안동,129.3217602,35.57731119
3102879,애니원고등학교,성안동,129.3204064,35.57814787
3102914,유곡푸르지오,유곡동,129.3054178,35.55925843
3102915,유곡푸르지오,유곡동,129.3054178,35.55925843
3102924,중구노인복지관,남외동,129.3418547,35.56258568
3102938,병영성,서동,129.3461134,35.57672612
3102939,병영성,서동,129.3461134,35.57672612
3102974,성안청구아파트입구,성안동,129.318844,35.57852314
3102975,성안파출소,성안동,129.322982,35.58063584
3102976,골드클래스,장현동,129.3440216,35.58813473
3102977,골드클래스,장현동,129.3440216,35.58813473
3102978,성안청구아파트입구,성안동,129.318844,35.57852314
3102979,성안파출소,성안동,129.322982,35.58063584
3102987,외솔중학교,서동,129.3424915,35.58455332
3102988,외솔중학교,서동,129.3424915,35.58455332
3103067,중구청입구,약사동,129.331137,35.57049456
3103068,중구청입구,약사동,129.331137,35.57049456
3103073,한국석유공사,우정동,129.3088101,35.56372995
3103074,한국석유공사,우정동,129.3088101,35.56372995
3103075,울산테크노파크,다운동,129.2814898,35.56264047
3103076,울산테크노파크,다운동,129.2814898,35.56264047
3103114,KCC스위첸,서동,129.34016,35.58104144
3103115,KCC스위첸,서동,129.34016,35.58104144
3103121,한국전기안전공사,복산동,129.3247103,35.56665214
3103122,한국전기안전공사,복산동,129.3247103,35.56665214
3103123,도화골입구,복산동,129.3287461,35.5688764
3103124,도화골입구,복산동,129.3287461,35.5688764
3103125,약사고등학교,약사동,129.3351234,35.57418357
3103126,약사고등학교,약사동,129.3351234,35.57418357
3103127,약사제방전시관,약사동,129.339255,35.57730691
3103128,약사제방전시관,서동,129.339255,35.57730691
3103130,에일린의뜰2차,서동,129.3450012,35.58448152
3103135,중부소방서,유곡동,129.3006193,35.5631716
3103136,중부소방서,유곡동,129.3006193,35.5631716
3103139,최제우유허지입구,유곡동,129.2906568,35.56220892
3103147,외솔중학교,서동,129.3424915,35.58455332
3103148,외솔중학교,장현동,129.3424915,35.58455332
3103152,경찰청,성안동,129.314893,35.57322206
3103153,경찰청,성안동,129.314893,35.57322206
3103154,금호아파트,성안동,129.3056611,35.57537698
3103155,금호아파트,성안동,129.3056611,35.57537698
3103170,신안골드빌,성안동,129.3128063,35.57917208
3103171,G마트,성안동,129.3110363,35.57749876
3103209,길촌입구,성안동,129.3014845,35.57264946
3103210,길촌입구,성안동,129.3014845,35.57264946
3103229,대산빌라,반구동,129.3474512,35.5529132
3103230,대산빌라,반구동,129.3474512,35.5529132
3103231,강변이편한세상,반구동,129.3477622,35.55443503
3103232,강변이편한세상,반구동,129.3477622,35.55443503
3103260,동원로얄정문,유곡동,129.2944136,35.56028323
3103361,성동마을회관,성안동,129.3032725,35.58697661
3103483,중앙고등학교,태화동,129.2860935,35.55503888
3103484,성안고가하부도로,성안동,129.3177934,35.56498695
3103485,성안고가하부도로,교동,129.3177934,35.56498695
3103507,함월구민운동장,성안동,129.3059518,35.57782005
3103518,성안금호아파트,성안동,129.3059498,35.57615264
3103664,태화루사거리,우정동,129.3098575,35.55301648
3103677,풍암마을,성안동,129.2912898,35.58965575
3103678,우정선경아파트,우정동,129.3123538,35.55817021
3103708,병영사거리,남외동,129.3445303,35.56891542
3103833,최제우유허지입구,유곡동,129.2906568,35.56220892
3103849,약사골사거리,약사동,129.3378774,35.57978966
3103850,약사골사거리,서동,129.3378774,35.57978966
3103992,유곡교,유곡동,129.2996207,35.56025864
3104038,동천야외물놀이장,남외동,129.3509056,35.5674125
3104039,동천야외물놀이장,남외동,129.3509056,35.5674125
3104040,삼환나우빌,남외동,129.3520439,35.56438527
3104041,삼환나우빌,남외동,129.3520439,35.56438527
3104120,울산고등학교,복산동,129.3305538,35.56222869
3104135,화합로입구,반구동,129.341507,35.55351793
3104230,천지강변아파트,반구동,129.3448421,35.55085805
3104231,천지강변아파트,반구동,129.3448421,35.55085805
3104296,황방산입구,약사동,129.328001,35.58498542
3104297,풍암마을입구,성안동,129.2953734,35.58945004
3100061,루첸아파트,신정동,129.3152252,35.53176087
3100062,루첸아파트,신정동,129.3152252,35.53176087
3100077,야음장생포행정복지센터,야음동,129.3392549,35.5197559
3100078,야음장생포행정복지센터,야음동,129.3392549,35.5197559
3100080,신정5동행정복지센터앞,신정동,129.319752,35.54397377
3100081,신정3동행정복지센터입구,신정동,129.3159514,35.54609002
3100091,대현동행정복지센터,야음동,129.3275339,35.52664167
3100102,후성,매암동,129.3778271,35.50930153
3100106,보건환경연구원,옥동,129.270913,35.5385921
3100108,장생포고래박물관,매암동,129.3806087,35.5032444
3100109,장생포고래박물관,매암동,129.3806087,35.5032444
3100146,옥현주공2단지,무거동,129.2614236,35.54299476
3100156,문수실버복지관,무거동,129.2515703,35.53490015
3100161,남부초등학교,야음동,129.3202673,35.521643
3100162,남부초등학교,야음동,129.3202673,35.521643
3100163,수암동행정복지센터,야음동,129.3182439,35.52413373
3100179,신선여고,야음동,129.3263657,35.52519367
3100180,신선여고,야음동,129.3263657,35.52519367
3100187,동서그린아파트,야음동,129.3268227,35.52968521
3100192,롯데인벤스,야음동,129.2971558,35.53088992
3100193,롯데인벤스,야음동,129.2971558,35.53088992
3100194,하나이비인후과병원,달동,129.3231858,35.53650722
3100202,광로교,야음동,129.3310151,35.53270982
3100203,광로교,달동,129.3310151,35.53270982
3100221,청강빌라,야음동,129.3342491,35.51814724
3100224,야음시장,야음동,129.3306536,35.52455851
3100225,야음시장,야음동,129.3306536,35.52455851
3100228,선암초등학교,선암동,129.336468,35.51443282
3100231,선암수변공원입구,야음동,129.3296804,35.52205941
3100232,선암수변공원입구,야음동,129.3296804,35.52205941
3100243,현대백화점,달동,129.3353271,35.54058394
3100244,풍진힐그린타운,신정동,129.3122516,35.54511919
3100248,신한로얄멤버스아파트,신정동,129.3041582,35.53997731
3100250,남부교회,신정동,129.3139232,35.54555906
3100251,남경노블랜드,신정동,129.3213783,35.54749917
3100252,남경노블랜드,신정동,129.3213783,35.54749917
3100257,울산해양경찰서,야음동,129.3147158,35.52109549
3100262,영남빌라,옥동,129.2957314,35.53148333
3100264,문수실버복지관,무거동,129.2515703,35.53490015
3100269,남운프라자,무거동,129.2664894,35.55194097
3100270,남운프라자,무거동,129.2664894,35.55194097
3100283,문수경기장,무거동,129.2572321,35.53425145
3100284,문수경기장,무거동,129.2572321,35.53425145
3100285,롯데백화점후문,삼산동,129.3378434,35.53791018
3100302,문수로아이파크,신정동,129.2972985,35.53778303
3100317,갈현마을회관,옥동,129.2890292,35.52352858
3100318,갈현마을회관,옥동,129.2890292,35.52352858
3100320,중간갈티마을입구,옥동,129.2953566,35.52032795
3100321,울산대공원남문,옥동,129.2858254,35.52611505
3100322,울산대공원남문,옥동,129.2858254,35.52611505
3100324,시립문수궁도장입구,신정동,129.3013642,35.51807756
3100325,갈티마을입구,옥동,129.2734025,35.52700899
3100333,동서오거리,신정동,129.3144092,35.5306971
3100334,동서오거리,신정동,129.3144092,35.5306971
3100338,우신고등학교입구,무거동,129.2553219,35.53743484
3100339,우신고등학교입구,무거동,129.2553219,35.53743484
3100427,남산초등학교,옥동,129.295941,35.5359811
3100428,신정현대홈타운4단지,신정동,129.3223734,35.5312731
3100436,남울산우체국,삼산동,129.3288091,35.54643782
3100437,푸른아파트앞,신정동,129.2986584,35.5405698
3100441,강남고등학교,신정동,129.3186878,35.54694362
3100446,남양그린빌,선암동,129.3116916,35.50732579
3100447,남양그린빌,선암동,129.3116916,35.50732579
3100468,달동사거리,달동,129.3311399,35.53563596
3100469,달동사거리,신정동,129.3311399,35.53563596
3100472,효성,여천동,129.3593668,35.51485646
3100473,효성,여천동,129.3593668,35.51485646
3100476,울산세무서,삼산동,129.3463707,35.53603451
3100477,울산세무서,삼산동,129.3463707,35.53603451
3100478,울산대학교후문,무거동,129.2611328,35.54618549
3100479,울산대학교후문,무거동,129.2611328,35.54618549
3100487,울산공고,신정동,129.3150271,35.54272899
3100491,달동사거리,달동,129.3311399,35.53563596
3100492,달동사거리,신정동,129.3311399,35.53563596
3100494,달동사거리,신정동,129.3311399,35.53563596
3100501,평화시장,신정동,129.3027709,35.53885187
3100502,중앙병원,신정동,129.3057257,35.53200901
3100512,홈플러스,야음동,129.3375121,35.56488468
3100514,울산공고정문,신정동,129.3168861,35.54341907
3100515,현대백화점정문,삼산동,129.3355676,35.54049386
3100516,삼익세라믹,선암동,129.3170549,35.51515428
3100519,우방아파트,달동,129.3241587,35.63832227
3100520,올림푸스아파트4동,신정동,129.2994575,35.52939248
3100523,옥현주공3단지,무거동,129.2598442,35.54014455
3100524,옥현주공3단지,무거동,129.2598442,35.54014455
3100525,롯데캐슬,야음동,129.3171733,35.52126434
3100526,문수로2차아이파크,신정동,129.3032963,35.53670843
3100534,동부3단지아파트,야음동,129.3239335,35.52353082
3100535,동부3단지아파트,야음동,129.3239335,35.52353082
3100541,옥동공영주차장앞,옥동,129.294004,35.53338667
3100547,롯데캐슬,야음동,129.3171733,35.52126434
3100557,한국산업단지공단,삼산동,129.3443414,35.54138576
3100559,장생포,매암동,129.3673751,35.50978428
3100563,번영로코아루,달동,129.3267058,35.53990018
3100564,번영사거리,달동,129.3265944,35.53705147
3100598,변전소,야음동,129.3407513,35.51789051
3100599,두왕사거리,선암동,129.3089357,35.50575212
3100613,삼일고앞,선암동,129.3164065,35.5163845
3100627,울산세관입구,야음동,129.3257486,35.52810337
3100628,신정현대홈타운단지내,야음동,129.324776,35.52996342
3100629,동평중학교,달동,129.3242498,35.53362293
3100631,동평중학교,달동,129.3242498,35.53362293
3100633,울산세관입구,야음동,129.3257486,35.52810337
3100638,숭의빌딩,달동,129.3353795,35.53621412
3100639,숭의빌딩,달동,129.3353795,35.53621412
3100761,평창3차아파트,삼산동,129.3363491,35.54419243
3100766,세양청구아파트,삼산동,129.3481878,35.54525903
3100767,세양청구아파트,삼산동,129.3481878,35.54525903
3100768,아데라움아파트,삼산동,129.3448525,35.54625903
3100819,삼호철새마을,무거동,129.2788762,35.54738939
3100820,정광사,무거동,129.282855,35.54621743
3100821,태화강전망대,신정동,129.2953754,35.54398802
3100823,십리대밭교,신정동,129.3061922,35.54908429
3100824,십리대밭교,신정동,129.3061922,35.54908429
3100826,태화강전망대,신정동,129.2953754,35.54398802
3100827,정광사,무거동,129.282855,35.54621743
3100828,삼호철새마을,무거동,129.2788762,35.54738939
3100835,제5부두,매암동,129.3731346,35.51921787
3101053,삼일고입구,선암동,129.311211,35.51947475
3101054,서광아파트입구,선암동,129.3094284,35.51491126
3101081,현대문화아파트1차,삼산동,129.3424089,35.53339069
3101082,보람병원입구,삼산동,129.3391734,35.5415778
3101084,선암동,선암동,129.338261,35.51303324
3101086,명동마을,선암동,129.3299645,35.51082613
3101087,가압장입구,상개동,129.323904,35.5086919
3101088,상개동,상개동,129.3179005,35.50541313
3101090,두왕다리,두왕동,129.3060838,35.4978917
3101097,두왕다리,두왕동,129.3060838,35.4978917
3101098,두왕사거리,두왕동,129.3089357,35.50575212
3101100,상개동,상개동,129.3179005,35.50541313
3101101,가압장입구,상개동,129.323904,35.5086919
3101104,선암동,선암동,129.338261,35.51303324
3101106,보람병원입구,삼산동,129.3391734,35.5415778
3101115,문수비스타동원입구,무거동,129.2729883,35.5497402
3101116,삼호,무거동,129.2743811,35.551931
3101123,삼호지하차도,무거동,129.2673608,35.55396123
3101146,삼호지하차도,무거동,129.2673608,35.55396123
3101153,삼호,무거동,129.2743811,35.551931
3101154,문수비스타동원입구,무거동,129.2729883,35.5497402
3101161,문화공원앞,달동,129.3278529,35.54197762
3101162,상공회의소,신정동,129.3152258,35.53866827
3101163,한국노총,신정동,129.3195424,35.53979014
3101164,한전,신정동,129.3232919,35.54073951
3101165,문화공원앞,달동,129.3278529,35.54197762
3101173,부곡동,부곡동,129.3406399,35.50055151
3101174,석유화학단지입구,부곡동,129.340019,35.49981159
3101175,포스코플랜텍,성암동,129.3438791,35.46107247
3101178,처용암입구,황성동,129.3520715,35.46841783
3101182,용연,황성동,129.3728142,35.46935733
3101185,처용암입구,황성동,129.3520715,35.46841783
3101188,포스코플랜텍,성암동,129.3438791,35.46107247
3101189,석유화학단지입구,부곡동,129.340019,35.49981159
3101194,문화예술회관앞,달동,129.3260843,35.54262561
3101195,국민요양병원,야음동,129.3307342,35.52732563
3101196,여천동,여천동,129.3474632,35.51786975
3101198,현대모비스울산공장,매암동,129.3666847,35.51248165
3101199,삼양사,매암동,129.3744042,35.51029027
3101200,양죽마을,매암동,129.3812941,35.50887494
3101203,장생포복지문화센터,장생포동,129.3775165,35.50244402
3101204,장생포치안센터,장생포동,129.375378,35.5017333
3101205,울산해양경찰서부두,장생포동,129.3717031,35.50109243
3101206,장생포초등학교,장생포동,129.3683039,35.50242388
3101207,장생포초등학교,장생포동,129.3683039,35.50242388
3101208,울산해양경찰서부두,장생포동,129.3717031,35.50109243
3101209,장생포치안센터,장생포동,129.375378,35.5017333
3101210,장생포복지문화센터,매암동,129.3775165,35.50244402
3101215,현대모비스울산공장,매암동,129.3666847,35.51248165
3101217,여천동,여천동,129.3474632,35.51786975
3101218,자동차검사소,여천동,129.3447446,35.51933782
3101219,번영로두산위브,야음동,129.3302761,35.52884916
3101222,극동스타클래스,신정동,129.3233035,35.5448986
3101224,삼호철새공원,무거동,129.2766546,35.55136639
3101226,문수비스타동원앞,무거동,129.2745897,35.54892
3101227,삼호시영아파트,무거동,129.2722083,35.54937019
3101230,삼호시영아파트,무거동,129.2722083,35.54937019
3101231,문수비스타동원앞,무거동,129.2745897,35.54892
3101233,삼호철새공원,무거동,129.2766546,35.55136639
3101238,올림푸스아파트,신정동,129.3098456,35.53197519
3101241,서광아파트입구,두왕동,129.3094284,35.51491126
3101242,삼일고입구,선암동,129.311211,35.51947475
3101340,평창3차아파트,삼산동,129.3363491,35.54419243
3101346,시청앞,신정동,129.3123405,35.53915699
3101347,공업탑,신정동,129.3047,35.5328833
3101348,공업탑,신정동,129.3047,35.5328833
3101371,동부아파트입구,야음동,129.3232421,35.52687263
3101373,야음시장,야음동,129.3306536,35.52455851
3101375,변전소,야음동,129.3407513,35.51789051
3101377,야음시장,야음동,129.3306536,35.52455851
3101378,동부아파트입구,야음동,129.3232421,35.52687263
3101396,태화로터리,신정동,129.3072783,35.54653637
3101397,신정1동행정복지센터,신정동,129.3059693,35.54176146
3101399,신정2동행정복지센터입구,신정동,129.3067875,35.53388128
3101401,신정2동행정복지센터입구,신정동,129.3067875,35.53388128
3101403,신정1동행정복지센터,신정동,129.3059693,35.54176146
3101404,태화로터리,신정동,129.3072783,35.54653637
3101409,신복교차로,무거동,129.2624023,35.54824135
3101412,공원묘지입구,옥동,129.2791456,35.5371085
3101414,법원,옥동,129.288882,35.53514764
3101416,옥동초등학교,신정동,129.2958651,35.53403701
3101418,공업탑,신정동,129.3047,35.5328833
3101419,좋은의사들안과병원,달동,129.330419,35.53817534
3101420,현대백화점사거리,달동,129.3339577,35.53850856
3101450,시외고속버스터미널,삼산동,129.3381689,35.53930206
3101451,현대백화점사거리,달동,129.3339577,35.53850856
3101453,신정고등학교,신정동,129.3030629,35.53277035
3101455,옥동초등학교,옥동,129.2958651,35.53403701
3101456,법원,옥동,129.288882,35.53514764
3101457,공원묘지입구,옥동,129.2791456,35.5371085
3101460,신복교차로,무거동,129.2624023,35.54824135
3101504,공업탑,신정동,129.3047,35.5328833
3101505,롯데마트,달동,129.3170427,35.53456159
3101506,강남초등학교,달동,129.319787,35.53527903
3101507,번영사거리,달동,129.3265944,35.53705147
3101508,우방아파트,달동,129.3241587,35.63832227
3101509,태화중학교,달동,129.3399717,35.53324667
3101514,태화중학교,달동,129.3399717,35.53324667
3101515,우방아파트,달동,129.3241587,35.63832227
3101516,번영사거리,달동,129.3265944,35.53705147
3101518,강남초등학교,달동,129.319787,35.53527903
3101519,롯데마트,달동,129.3170427,35.53456159
3101521,시청앞,신정동,129.3123405,35.53915699
3101523,태화로터리,신정동,129.3072783,35.54653637
3101900,신복환승센터,무거동,129.2625933,35.55110632
3101901,신복환승센터,무거동,129.2625933,35.55110632
3102053,올림푸스아파트4동,신정동,129.2994575,35.52939248
3102057,대공원,옥동,129.2937066,35.5318657
3102059,오성아파트앞,신정동,129.2989348,35.54049808
3102093,정광사입구,무거동,129.2822044,35.5489616
3102111,미소지움아파트,신정동,129.3206029,35.53114234
3102112,신정현대홈타운4단지,신정동,129.3223734,35.5312731
3102113,동서그린아파트,야음동,129.3268227,35.52968521
3102114,미소지움아파트,신정동,129.3206029,35.53114234
3102115,미소지움입구,신정동,129.3182368,35.53086433
3102162,삼일고앞,선암동,129.3164065,35.5163845
3102163,카프로사택,선암동,129.3157995,35.51759963
3102164,울산해양경찰서,야음동,129.3147158,35.52109549
3102165,동부아파트204동,야음동,129.3198866,35.52452819
3102166,동부아파트104동,야음동,129.3217837,35.52396057
3102167,홈플러스,야음동,129.3375121,35.56488468
3102168,동부아파트104동,야음동,129.3217837,35.52396057
3102169,동부아파트204동,야음동,129.3198866,35.52452819
3102170,강남파크,선암동,129.3153678,35.51668308
3102171,삼익세라믹,선암동,129.3170549,35.51515428
3102172,홈플러스,야음동,129.3375121,35.56488468
3102179,삼성자동차학원,달동,129.3367288,35.53367381
3102184,롯데마트,달동,129.3170427,35.53456159
3102186,롯데마트앞,달동,129.3166013,35.53318795
3102190,평화시장,신정동,129.3027709,35.53885187
3102193,풍진힐그린타운,신정동,129.3122516,35.54511919
3102194,강남고등학교,신정동,129.3186878,35.54694362
3102195,세이브존,삼산동,129.3247561,35.54735208
3102197,신정3동행정복지센터입구,신정동,129.3159514,35.54609002
3102198,남부교회,신정동,129.3139232,35.54555906
3102206,화물공제조합,삼산동,129.3439987,35.54589115
3102208,벽산아파트입구,삼산동,129.3402093,35.54703766
3102212,울산병원,신정동,129.3221014,35.54612971
3102243,해연공원앞,무거동,129.2624345,35.55016041
3102244,무거동행정복지센터앞,무거동,129.2605119,35.55089079
3102245,신세대아파트,무거동,129.2590639,35.5523244
3102246,한라2차아파트,무거동,129.2575757,35.55328865
3102248,청구맨션,무거동,129.2555681,35.55258285
3102249,신복현대아파트,무거동,129.2545657,35.55179291
3102250,아성아파트,무거동,129.2545635,35.55061657
3102252,문수펠리스후문,무거동,129.2559647,35.54967443
3102253,서울산새마을금고,무거동,129.2578727,35.54939181
3102254,무거시장,무거동,129.2596718,35.54841063
3102255,쇠정사거리,무거동,129.2620097,35.54643531
3102256,옥현주공1단지,무거동,129.261466,35.54547394
3102257,옥현중학교,무거동,129.262677,35.54099242
3102258,옥현중학교,무거동,129.262677,35.54099242
3102259,문수중학교,무거동,129.2573655,35.53922481
3102261,문수경기장입구,무거동,129.2536479,35.5360291
3102263,문수실버복지관,무거동,129.2515703,35.53490015
3102266,우신고등학교,무거동,129.2524304,35.53833831
3102267,벽산아파트,무거동,129.3408225,35.54613675
3102268,협성현대럭키아파트,무거동,129.2530712,35.54079036
3102269,코아아파트,무거동,129.2544404,35.54149761
3102270,과학대후문,무거동,129.2553021,35.54122876
3102271,울산과학대,무거동,129.2571404,35.54062859
3102272,문수중학교,무거동,129.2573655,35.53922481
3102273,옥현주공2단지,무거동,129.2614236,35.54299476
3102274,옥현주공1단지,무거동,129.261466,35.54547394
3102275,쇠정사거리,무거동,129.2620097,35.54643531
3102276,무거시장,무거동,129.2596718,35.54841063
3102277,서울산새마을금고,무거동,129.2578727,35.54939181
3102278,문수펠리스후문,무거동,129.2559647,35.54967443
3102280,아성아파트,무거동,129.2545635,35.55061657
3102281,신복현대아파트,무거동,129.2545657,35.55179291
3102282,청구맨션,무거동,129.2555681,35.55258285
3102284,한라2차아파트,무거동,129.2575757,35.55328865
3102285,신세대아파트,무거동,129.2590639,35.5523244
3102286,무거동행정복지센터앞,무거동,129.2605119,35.55089079
3102287,해연공원앞,무거동,129.2624345,35.55016041
3102289,문수고등학교,무거동,129.2659339,35.55536578
3102567,신복초등학교,무거동,129.2544026,35.55111819
3102572,두레마을,무거동,129.2636129,35.55314251
3102578,벽산아파트,무거동,129.3408225,35.54613675
3102616,울산도서관,삼산동,129.345604,35.53413442
3102618,한화꿈에그린,삼산동,129.3470852,35.53566148
3102676,남울산우체국,달동,129.3288091,35.54643782
3102681,무거현대,무거동,129.2546965,35.54786791
3102682,무거현대,무거동,129.2546965,35.54786791
3102683,롯데캐슬,무거동,129.3171733,35.52126434
3102684,롯데캐슬,무거동,129.3171733,35.52126434
3102689,신복초등학교,무거동,129.2544026,35.55111819
3102691,신복초등학교,무거동,129.2544026,35.55111819
3102692,신복초등학교,무거동,129.2544026,35.55111819
3102693,신복초등학교,무거동,129.2544026,35.55111819
3102807,문수로2차아이파크,신정동,129.3032963,35.53670843
3102920,이지정문,황성동,129.3555249,35.46869188
3102922,새터삼거리,야음동,129.3405387,35.51960306
3102923,새터삼거리,야음동,129.3405387,35.51960306
3102932,센트럴하이츠,신정동,129.314913,35.54806304
3102933,센트럴하이츠,신정동,129.314913,35.54806304
3103063,삼산본동사거리,삼산동,129.3478592,35.54246448
3103086,야음본동,여천동,129.3426964,35.52775622
3103090,호수공원축구장,선암동,129.32094,35.51680207
3103091,선암호수노인복지관,선암동,129.3191118,35.51453253
3103092,선암호수노인복지관,선암동,129.3191118,35.51453253
3103093,태화중학교,달동,129.3399717,35.53324667
3103094,태화중학교,여천동,129.3399717,35.53324667
3103097,야음본동,여천동,129.3426964,35.52775622
3103161,법조타운삼거리,옥동,129.2834053,35.5370437
3103163,법원,옥동,129.288882,35.53514764
3103164,법원,옥동,129.288882,35.53514764
3103168,도산사거리,달동,129.3296818,35.53291581
3103250,신정시장사거리,신정동,129.3128077,35.54233404
3103256,정광사입구,무거동,129.2822044,35.5489616
3103257,정광사입구,무거동,129.2822044,35.5489616
3103459,수암동행정복지센터,야음동,129.3182439,35.52413373
3103527,야음노인정,야음동,129.3355242,35.52290091
3103528,야음노인정,야음동,129.3355242,35.52290091
3103590,중앙공원,신정동,129.3130281,35.54725395
3103625,번영로두산위브,야음동,129.3302761,35.52884916
3103630,동평교회,달동,129.3274478,35.53049428
3103645,번영로두산위브,야음동,129.3302761,35.52884916
3103646,산학융합지구캠퍼스,두왕동,129.2974113,35.51348905
3103647,산학융합지구캠퍼스,두왕동,129.2974113,35.51348905
3103648,대공원호반베르디움,두왕동,129.2939044,35.51494229
3103649,대공원호반베르디움,두왕동,129.2939044,35.51494229
3103659,울산도서관,삼산동,129.345604,35.53413442
3103660,현대문화아파트1차,삼산동,129.3424089,35.53339069
3103663,시립문수궁도장입구,옥동,129.3013642,35.51807756
3103691,시청,신정동,129.3105079,35.53742126
3103693,무거초등학교,무거동,129.2542141,35.55290465
3103694,시청,신정동,129.3105079,35.53742126
3103695,상공회의소,달동,129.3152258,35.53866827
3103696,한국노총,달동,129.3195424,35.53979014
3103697,한전,달동,129.3232919,35.54073951
3103701,에쓰오일사택,신정동,129.3010282,35.53785067
3103777,신정시장사거리,신정동,129.3128077,35.54233404
3103778,극동스타클래스,신정동,129.3233035,35.5448986
3103779,신정5동행정복지센터앞,신정동,129.319752,35.54397377
3103781,대우푸르지오아파트,삼산동,129.3420272,35.54604991
3103812,농업인회관,신정동,129.3079278,35.53674336
3103813,농업인회관,신정동,129.3079278,35.53674336
3103881,옥현주공3단지,무거동,129.2598442,35.54014455
3103892,울산국제물류센터,황성동,129.369446,35.46408476
3103930,어울림아파트,달동,129.3253378,35.53118034
3103940,울산신항,황성동,129.3642633,35.46262087
3103954,대현중학교,달동,129.3354516,35.54306324
3103955,대현중학교,삼산동,129.3354516,35.54306324
3104001,두왕초등학교,두왕동,129.2936353,35.51440447
3104002,한국에너지기술연구원,두왕동,129.3003949,35.51115505
3104003,한국에너지기술연구원,두왕동,129.3003949,35.51115505
3104011,대경산전,두왕동,129.3042065,35.50486504
3104035,시청,신정동,129.3105079,35.53742126
3104043,도성아파트,옥동,129.2970652,35.53774326
3104047,울산알루미늄정문,여천동,129.3717154,35.53370952
3104055,개운포역,상개동,129.3218912,35.50761888
3104056,개운포역,상개동,129.3218912,35.50761888
3104128,선암호수노인복지관,선암동,129.3191118,35.51453253
3104129,선암호수노인복지관,선암동,129.3191118,35.51453253
3104149,태화강역광장,삼산동,129.3536765,35.54143202
3104150,푸른아파트앞,신정동,129.2986584,35.5405698
3104211,문화예술회관,신정동,129.3253431,35.54312858
3104232,태화강역광장,삼산동,129.3536765,35.54143202
3104265,옥동초등학교후문,신정동,129.2981023,35.53555048
3104266,넝쿨아파트,신정동,129.3011112,35.53660956
3104267,문수로2차아이파크1단지,신정동,129.3023073,35.5358194
3104270,울산병원,신정동,129.3221014,35.54612971
3104293,한화꿈에그린,삼산동,129.3470852,35.53566148
4800108,공업탑,신정동,129.3047,35.5328833
4800109,공업탑,신정동,129.3047,35.5328833
4800579,롯데마트,달동,129.3170427,35.53456159
4800580,롯데마트,달동,129.3170427,35.53456159
4800643,목화예식장앞,달동,129.3307046,35.5378938
4800644,좋은의사들안과병원,달동,129.330419,35.53817534
4820952,강남초등학교,달동,129.319787,35.53527903
4820953,강남초등학교,달동,129.319787,35.53527903
4820983,하나이비인후과병원,달동,129.3231858,35.53650722
4820984,달동현대아파트앞,달동,129.3237411,35.53630572
4821040,문수경기장,무거동,129.2572321,35.53425145
4821041,문수경기장,무거동,129.2572321,35.53425145
4821042,문수실버복지관,무거동,129.2515703,35.53490015
4821043,문수실버복지관,무거동,129.2515703,35.53490015
4821074,법원,옥동,129.288882,35.53514764
4821075,법원,옥동,129.288882,35.53514764
4821161,신정고등학교,신정동,129.3030629,35.53277035
4821162,신정고등학교,신정동,129.3030629,35.53277035
4821224,옥동중학교앞,옥동,129.2860387,35.53592284
4821226,옥동초등학교,신정동,129.2958651,35.53403701
4821237,울산시외버스터미널,삼산동,129.3392167,35.5364333
4821239,옥동초등학교,옥동,129.2958651,35.53403701
4821311,현대백화점사거리,달동,129.3339577,35.53850856
4821312,현대백화점사거리,달동,129.3339577,35.53850856
4821314,번영사거리,달동,129.3265944,35.53705147
3100001,동울산우체국,전하동,129.43055,35.51162475
3100085,방어동행정복지센터,방어동,129.424244,35.48599208
3100086,방어동행정복지센터,방어동,129.424244,35.48599208
3100092,대송동행정복지센터,화정동,129.4190079,35.50276983
3100099,남목3동행정복지센터앞,동부동,129.4310382,35.54501063
3100100,남목3동행정복지센터앞,동부동,129.4310382,35.54501063
3100101,남목1동행정복지센터,서부동,129.4207982,35.5391062
3100138,동울산우체국,전하동,129.43055,35.51162475
3100139,광명교회,전하동,129.427955,35.50639978
3100142,남목고등학교,서부동,129.4192247,35.53761068
3100143,남목고등학교,서부동,129.4192247,35.53761068
3100148,동울산우체국,전하동,129.43055,35.51162475
3100149,동울산우체국,전하동,129.43055,35.51162475
3100150,현대미포동문,방어동,129.4085963,35.49422223
3100151,미포해양개발앞,방어동,129.4078595,35.49598441
3100159,화진중학교,화정동,129.4227633,35.49837827
3100160,화진중학교,화정동,129.4227633,35.49837827
3100165,화암중학교,방어동,129.4141514,35.48607428
3100166,화암중학교,방어동,129.4141514,35.48607428
3100291,대경넥스빌,전하동,129.426682,35.5166526
3100292,대경넥스빌,전하동,129.426682,35.5166526
3100345,한라한빛아파트,전하동,129.426569,35.51271936
3100346,한라한빛아파트,전하동,129.426569,35.51271936
3100347,중전기복개천,일산동,129.428133,35.50445824
3100348,중전기복개천,일산동,129.428133,35.50445824
3100349,현대예술관,서부동,129.4317612,35.52232302
3100350,현대백화점,서부동,129.3353271,35.54058394
3100354,한마음회관,전하동,129.4272321,35.51826908
3100355,한마음회관,전하동,129.4272321,35.51826908
3100356,한마음아파트,전하동,129.4251529,35.51367017
3100357,한마음아파트,전하동,129.4251529,35.51367017
3100358,한마음마트,방어동,129.4204722,35.48914276
3100359,한마음마트,방어동,129.4204722,35.48914276
3100360,농수산물시장,화정동,129.4199371,35.49875271
3100361,농수산물시장,화정동,129.4199371,35.49875271
3100362,포석정,일산동,129.4260872,35.50311858
3100365,주공아파트입구,화정동,129.4194681,35.49547209
3100366,주공아파트입구,화정동,129.4194681,35.49547209
3100367,방어진제일교회,방어동,129.4213757,35.48613688
3100368,방어진제일교회,방어동,129.4213757,35.48613688
3100369,전하후생관,전하동,129.4255294,35.51523083
3100370,전하후생관,전하동,129.4255294,35.51523083
3100373,월봉시장,화정동,129.4231408,35.4949544
3100375,대왕암공원,일산동,129.4358602,35.48913772
3100376,대왕암공원,일산동,129.4358602,35.48913772
3100377,전하시장,전하동,129.4296285,35.51228879
3100378,전하시장,전하동,129.4296285,35.51228879
3100379,화진중학교,화정동,129.4227633,35.49837827
3100380,화진중학교,화정동,129.4227633,35.49837827
3100381,생활과학고등학교,화정동,129.4221603,35.50346559
3100382,생활과학고등학교,화정동,129.4221603,35.50346559
3100383,방어진터미널,방어동,129.4261108,35.48670203
3100384,방어진시외터미널,방어동,129.4261629,35.48680576
3100385,방어진성당사거리,화정동,129.4204813,35.49213146
3100386,방어진성당사거리,화정동,129.4204813,35.49213146
3100387,방어진농협,방어동,129.4245618,35.48519365
3100388,방어진농협,방어동,129.4245618,35.48519365
3100390,방어진고등학교,화정동,129.4240159,35.50347515
3100391,대왕암공원입구,일산동,129.4262814,35.49193024
3100392,대왕암공원입구,화정동,129.4262814,35.49193024
3100393,드림마트,화정동,129.4192948,35.50060429
3100394,드림마트,화정동,129.4192948,35.50060429
3100395,동천탕,화정동,129.4208485,35.49313643
3100396,동천탕,화정동,129.4208485,35.49313643
3100397,동진수협,방어동,129.4296524,35.48504398
3100398,동진수협,방어동,129.4296524,35.48504398
3100399,동진성끝,방어동,129.4315302,35.48223638
3100400,동부경찰서,전하동,129.4299606,35.50781424
3100401,동부경찰서,전하동,129.4299606,35.50781424
3100405,울산대학교병원,전하동,129.4299326,35.51928527
3100406,대경넥스빌,전하동,129.426682,35.5166526
3100407,대경넥스빌,전하동,129.426682,35.5166526
3100408,진성8길,전하동,129.4296738,35.5098349
3100409,진성8길,전하동,129.4296738,35.5098349
3100411,반석아파트,전하동,129.4280979,35.50748146
3100412,산돌교회,화정동,129.4188496,35.50139374
3100425,현대중공업일산문,일산동,129.4291149,35.5029945
3100426,현대중공업일산문,일산동,129.4291149,35.5029945
3100432,방어진초등학교,방어동,129.425855,35.48786879
3100433,방어진초등학교,방어동,129.425855,35.48786879
3100439,꽃바위,방어동,129.4098083,35.4781034
3100440,꽃바위,방어동,129.4098083,35.4781034
3100484,일산새마을금고,방어동,129.4277414,35.50282413
3100485,일산새마을금고,방어동,129.4277414,35.50282413
3100582,월정사입구,화정동,129.423498,35.49800698
3100584,신진파크,방어동,129.4214979,35.48975628
3100601,화진중학교,화정동,129.4227633,35.49837827
3100602,일산해수욕장입구,일산동,129.4253095,35.49757661
3100603,일산해수욕장입구,화정동,129.4253095,35.49757661
3100604,화진중학교,화정동,129.4227633,35.49837827
3100643,남목파출소,동부동,129.4292771,35.54147145
3100751,현대미포정문,방어동,129.4025172,35.50749703
3100752,KCC울산공장,방어동,129.3979877,35.51882729
3100753,신진파크,방어동,129.4214979,35.48975628
3100755,월정사입구,화정동,129.423498,35.49800698
3100757,KCC울산공장,방어동,129.3979877,35.51882729
3100758,현대미포정문,방어동,129.4025172,35.50749703
3101277,벽산유토피아,동부동,129.4251471,35.54636839
3101280,남목파출소,동부동,129.4292771,35.54147145
3101282,봉대산공원입구,주전동,129.4547548,35.55351281
3101283,주전큰마을,주전동,129.4569179,35.55563073
3101284,주전초등학교,주전동,129.4569633,35.55857356
3101285,주전항,주전동,129.4557311,35.56097205
3101286,주전새마을,주전동,129.4558417,35.56445801
3101287,주전해수욕장,주전동,129.4543025,35.56695364
3101312,주전해수욕장,주전동,129.4543025,35.56695364
3101313,주전새마을,주전동,129.4558417,35.56445801
3101314,주전항,주전동,129.4557311,35.56097205
3101315,주전초등학교,주전동,129.4569633,35.55857356
3101316,주전큰마을,주전동,129.4569179,35.55563073
3101317,봉대산공원입구,주전동,129.4547548,35.55351281
3101319,남목파출소,동부동,129.4292771,35.54147145
3101392,정수장,서부동,129.4092194,35.53002072
3101405,정수장,서부동,129.4092194,35.53002072
3101426,남목2동,서부동,129.4328884,35.52446545
3101427,전하1동행정복지센터,전하동,129.4318874,35.51731928
3101428,전하시장,전하동,129.4296285,35.51228879
3101429,동부경찰서,전하동,129.4299606,35.50781424
3101430,번덕마을,일산동,129.4283629,35.50000017
3101431,일산해수욕장,일산동,129.4273823,35.49622157
3101432,대왕암공원입구,화정동,129.4262814,35.49193024
3101433,화진맨션,방어동,129.4239894,35.48900444
3101434,서남구수협,방어동,129.4216152,35.4878159
3101435,문재사거리,방어동,129.418311,35.48727077
3101436,문재사거리,방어동,129.418311,35.48727077
3101437,서남구수협,방어동,129.4216152,35.4878159
3101438,화진맨션,방어동,129.4239894,35.48900444
3101439,대왕암공원입구,화정동,129.4262814,35.49193024
3101440,일산해수욕장,화정동,129.4273823,35.49622157
3101441,번덕마을,일산동,129.4283629,35.50000017
3101442,동부경찰서,전하동,129.4299606,35.50781424
3101443,전하시장,전하동,129.4296285,35.51228879
3101444,전하1동행정복지센터,전하동,129.4318874,35.51731928
3101445,남목2동,서부동,129.4328884,35.52446545
3101463,꽃바위아파트,방어동,129.4113419,35.48159553
3101464,화암,방어동,129.4120744,35.47789887
3101466,우성현대아파트,방어동,129.4188516,35.48350086
3101472,동구청,화정동,129.4173627,35.50485618
3101474,전하아이파크,전하동,129.4213768,35.51012403
3101479,녹수초등학교,서부동,129.4296404,35.52999939
3101482,남목1동,서부동,129.4255749,35.53932548
3101542,남목1동,서부동,129.4255749,35.53932548
3101545,녹수초등학교,서부동,129.4296404,35.52999939
3101550,전하아이파크,전하동,129.4213768,35.51012403
3101552,동구청,화정동,129.4173627,35.50485618
3101558,우성현대아파트,방어동,129.4188516,35.48350086
3101560,화암,방어동,129.4120744,35.47789887
3101561,꽃바위아파트,방어동,129.4113419,35.48159553
3101563,송정타워,화정동,129.4167679,35.48983661
3101564,송정타워,화정동,129.4167679,35.48983661
3102518,반석아파트,전하동,129.4280979,35.50748146
3102519,광명교회,전하동,129.427955,35.50639978
3102520,전하인쇄사,일산동,129.4278362,35.50530444
3102521,대송동행정복지센터,화정동,129.4190079,35.50276983
3102522,산돌교회,화정동,129.4188496,35.50139374
3102622,동구노인요양원,서부동,129.4132377,35.53324961
3102631,방어진중학교,화정동,129.418764,35.50411087
3102634,벽산아파트,전하동,129.3408225,35.54613675
3102635,벽산아파트,전하동,129.3408225,35.54613675
3102636,제일그린,전하동,129.4228523,35.50701949
3102638,평강교회,전하동,129.4241767,35.50700896
3102639,평강교회,전하동,129.4241767,35.50700896
3102640,동울산시장,전하동,129.4250368,35.50901285
3102641,동울산시장,전하동,129.4250368,35.50901285
3102642,전하2동행정복지센터,전하동,129.4268093,35.50898344
3102643,전하2동행정복지센터,전하동,129.4268093,35.50898344
3102644,산록회관,전하동,129.4224756,35.51476832
3102645,산록회관,전하동,129.4224756,35.51476832
3102646,휴먼시아아파트,일산동,129.4293758,35.4911003
3102647,휴먼시아아파트,방어동,129.4293758,35.4911003
3102649,마디정형외과,화정동,129.4260033,35.49321397
3102651,동구문화원,화정동,129.4250426,35.49380274
3102722,일산해수욕장,일산동,129.4273823,35.49622157
3102813,문재사거리,방어동,129.418311,35.48727077
3102927,현대예술관,서부동,129.4317612,35.52232302
3102928,현대패밀리명덕1차,서부동,129.4278822,35.52297623
3102930,현대패밀리명덕2차,서부동,129.4261156,35.52311294
3102931,현대패밀리명덕2차,서부동,129.4261156,35.52311294
3103144,휴먼시아.엘크루정문,방어동,129.4296441,35.4889999
3103193,남목입구,서부동,129.4253212,35.54074687
3103194,남목입구,서부동,129.4253212,35.54074687
3103195,남목농협,동부동,129.4267898,35.54206669
3103196,남목농협,동부동,129.4267898,35.54206669
3103197,남목파출소,동부동,129.4292771,35.54147145
3103424,전하E편한세상,전하동,129.4252411,35.51285019
3103425,전하E편한세상,전하동,129.4252411,35.51285019
3103426,남목청구아파트,동부동,129.4300791,35.54470471
3103427,남목한신아파트,동부동,129.4299429,35.54547277
3103536,휴먼시아.엘크루정문,방어동,129.4296441,35.4889999
3103537,엘크루후문,방어동,129.4304391,35.48767441
3103540,대성빌라,방어동,129.4280296,35.48653419
3103551,화암촛등공원,방어동,129.4110329,35.47635686
3103553,유마트,방어동,129.412345,35.47967581
3103555,문현고등학교,방어동,129.410328,35.48235482
3103559,꽃바위성당,방어동,129.4109477,35.48584222
3103562,동구보훈복지회관,방어동,129.4119419,35.48728342
3103567,전하아이파크,전하동,129.4213768,35.51012403
3103568,전하아이파크,전하동,129.4213768,35.51012403
3103569,전하E편한세상,전하동,129.4252411,35.51285019
3103570,전하E편한세상,전하동,129.4252411,35.51285019
3103571,울산대학교병원,전하동,129.4299326,35.51928527
3103572,현도골든빌리지,방어동,129.415278,35.48565872
3103574,문현시장,방어동,129.4172483,35.48486325
3103575,문현시장,방어동,129.4172483,35.48486325
3103576,현대골프,방어동,129.4192525,35.48547847
3103579,방어진제일교회,방어동,129.4213757,35.48613688
3103626,동구청,화정동,129.4173627,35.50485618
3103633,동구노인요양원,서부동,129.4132377,35.53324961
3103642,전하E편한세상,전하동,129.4252411,35.51285019
3103644,전하체육센터,전하동,129.4219792,35.51340672
3103734,늘푸른아파트,전하동,129.4210199,35.5140711
3103735,늘푸른아파트,전하동,129.4210199,35.5140711
3103786,하늘채빌라,방어동,129.4280838,35.48589146
3103787,방어진시외터미널,방어동,129.4261629,35.48680576
3103788,방어진시장,방어동,129.4234795,35.4843441
3103789,방어진시장,방어동,129.4234795,35.4843441
3103790,방어진시외터미널,방어동,129.4261629,35.48680576
3103879,남목초등학교,서부동,129.425903,35.54240943
3103924,서부성원상떼빌북문,서부동,129.4264735,35.5262901
3103925,서부성원상떼빌북문,서부동,129.4264735,35.5262901
3103941,쇠평어린이공원,동부동,129.4346335,35.55214463
3104067,동구청사거리,화정동,129.4163695,35.50424793
3104103,서부패밀리110동,서부동,129.4316628,35.52740644
3104104,서부패밀리110동,서부동,129.4316628,35.52740644
3104123,남목1동,서부동,129.4255749,35.53932548
3104143,지웰시티자이,서부동,129.4286858,35.5265519
3104144,지웰시티자이,서부동,129.4286858,35.5265519
3104213,주전어린이공원앞,주전동,129.4512887,35.55185521
3104287,현대백화점,서부동,129.3353271,35.54058394
3104288,농수산물시장,화정동,129.4199371,35.49875271
3104314,쇠평마을,동부동,129.4296678,35.55781242
3100004,화봉쌍용예가,화봉동,129.3675651,35.5937771
3100005,화봉휴먼시아2단지,화봉동,129.367681,35.59401247
3100008,진장중학교,진장동,129.3571482,35.56389247
3100009,진장중학교,진장동,129.3571482,35.56389247
3100010,성골마을,어물동,129.4517601,35.57215032
3100011,성골마을,어물동,129.4517601,35.57215032
3100014,한성미트뱅크,진장동,129.3568633,35.56811494
3100015,한성미트뱅크,진장동,129.3568633,35.56811494
3100016,농수산물종합유통센터후문,화봉동,129.3555815,35.58080876
3100017,농수산물종합유통센터후문,연암동,129.3555815,35.58080876
3100057,현대자동차2공장,양정동,129.3814236,35.55275555
3100058,현대자동차2공장,양정동,129.3814236,35.55275555
3100066,달천농공단지입구,달천동,129.3168586,35.63148055
3100067,달천농공단지입구,달천동,129.3168586,35.63148055
3100070,효문동행정복지센터,연암동,129.3602169,35.57763815
3100071,효문동행정복지센터,연암동,129.3602169,35.57763815
3100095,농소2동행정복지센터,신천동,129.3468652,35.63796895
3100096,농소2동행정복지센터,신천동,129.3468652,35.63796895
3100097,농소1동행정복지센터,호계동,129.3553959,35.6221163
3100098,농소1동행정복지센터,호계동,129.3553959,35.6221163
3100132,달천아이파크2차,달천동,129.3279907,35.63289873
3100133,달천아이파크2차,달천동,129.3279907,35.63289873
3100134,달천아이파크1차,달천동,129.3283678,35.63520394
3100135,달천아이파크1차,달천동,129.3283678,35.63520394
3100183,산하,산하동,129.4408778,35.62886357
3100184,산하,산하동,129.4408778,35.62886357
3100185,매곡푸르지오아파트,매곡동,129.3524965,35.64393142
3100186,매곡푸르지오아파트,매곡동,129.3524965,35.64393142
3100190,극동스타클래스,신천동,129.3233035,35.5448986
3100191,극동스타클래스,신천동,129.3233035,35.5448986
3100236,쌍용아진그린타운4차,천곡동,129.3353368,35.63141616
3100239,홈플러스북구점,상안동,129.3452664,35.62911332
3100240,홈플러스북구점,상안동,129.3452664,35.62911332
3100253,쇠부리체육센터,천곡동,129.3335919,35.63631397
3100254,쇠부리체육센터,천곡동,129.3335919,35.63631397
3100286,롯데마트진장점,진장동,129.3564213,35.57567072
3100287,롯데마트진장점,진장동,129.3564213,35.57567072
3100289,신기회관,매곡동,129.3565425,35.6437178
3100290,신기회관,매곡동,129.3565425,35.6437178
3100303,상안초등학교,천곡동,129.3350857,35.63283793
3100304,상안초등학교,천곡동,129.3350857,35.63283793
3100460,천곡사거리,신천동,129.3451199,35.63934623
3100461,천곡사거리,신천동,129.3451199,35.63934623
3100480,유아교육진흥원,송정동,129.3536033,35.60453949
3100481,유아교육진흥원,송정동,129.3536033,35.60453949
3100489,그린카운티입구,달천동,129.3254427,35.63066832
3100490,그린카운티입구,달천동,129.3254427,35.63066832
3100503,성혜마을,시례동,129.3452245,35.59630868
3100517,창좌입구,시례동,129.34773,35.60406491
3100527,샛터,상안동,129.3381869,35.61540105
3100533,동산,상안동,129.3298468,35.61617946
3100546,연암사거리,연암동,129.3629423,35.5767383
3100549,덕양산업,연암동,129.3627714,35.58011832
3100550,덕양산업,연암동,129.3627714,35.58011832
3100558,울산경제일자리진흥원,효문동,129.3605972,35.57196906
3100561,농소운동장,호계동,129.3560204,35.62065757
3100562,농소운동장,호계동,129.3560204,35.62065757
3100587,자동차선적장2,염포동,129.3912307,35.52446482
3100588,자동차선적장1,염포동,129.3914777,35.52358671
3100606,울산경제일자리진흥원,연암동,129.3605972,35.57196906
3100648,구남마을,신현동,129.4296179,35.59225177
3100649,신전마을,신현동,129.4307473,35.59814074
3100650,달곡마을,무룡동,129.4327721,35.60468723
3100651,주렴,무룡동,129.4370202,35.60831278
3100652,강동동행정복지센터,정자동,129.4455696,35.61346985
3100653,아진비치아파트,정자동,129.4473212,35.61948247
3100654,북정자,정자동,129.446071,35.6212841
3100655,산음,산하동,129.4428211,35.62466622
3100656,화암입구,산하동,129.440218,35.63198924
3100657,화암,산하동,129.4120744,35.47789887
3100658,대안입구,신명동,129.4396961,35.63969201
3100659,신명마을,신명동,129.4401735,35.64285482
3100660,공암입구,신명동,129.4413924,35.64551273
3100662,신명마을,신명동,129.4401735,35.64285482
3100663,대안입구,신명동,129.4396961,35.63969201
3100664,화암,산하동,129.4120744,35.47789887
3100665,화암입구,산하동,129.440218,35.63198924
3100666,산음,산하동,129.4428211,35.62466622
3100667,북정자,정자동,129.446071,35.6212841
3100668,아진비치아파트,정자동,129.4473212,35.61948247
3100669,강동동행정복지센터,정자동,129.4455696,35.61346985
3100670,주렴,무룡동,129.4370202,35.60831278
3100671,달곡마을,무룡동,129.4327721,35.60468723
3100673,구남마을,신현동,129.4296179,35.59225177
3100813,쌍용아진그린타운2차,상안동,129.3399863,35.630266
3100814,쌍용아진그린타운3차,천곡동,129.3358784,35.63068256
3100816,쌍용아진그린타운2차,천곡동,129.3399863,35.630266
3100818,효문사거리,진장동,129.3635697,35.56130862
3100843,일지리버아파트,천곡동,129.3386315,35.63874481
3100845,천곡,천곡동,129.3257096,35.64574627
3100848,일지리버아파트,천곡동,129.3386315,35.63874481
3100850,천곡마을입구,천곡동,129.3303868,35.6391097
3100856,원동현대아파트,신천동,129.3452342,35.63279224
3100862,진덕골,달천동,129.3124666,35.62662393
3100877,상안중학교,상안동,129.3297912,35.62740388
3100881,원동현대아파트,신천동,129.3452342,35.63279224
3100988,매곡현대아파트,매곡동,129.3548475,35.64269834
3100997,매곡현대아파트,매곡동,129.3548475,35.64269834
3100998,벽산아파트,연암동,129.3408225,35.54613675
3100999,LG진로아파트,연암동,129.3658864,35.5856997
3101000,LG진로아파트,연암동,129.3658864,35.5856997
3101001,벽산아파트,연암동,129.3408225,35.54613675
3101002,울산공항,화봉동,129.3575055,35.59276622
3101004,원지마을입구,창평동,129.3549704,35.60884294
3101005,농소공영차고지,창평동,129.3571923,35.61150538
3101006,차일마을,창평동,129.3573658,35.61649877
3101007,농소중학교,호계동,129.3542568,35.62395002
3101008,시장2리,호계동,129.3510609,35.62738901
3101009,신천,신천동,129.3506787,35.6316587
3101011,약수마을,중산동,129.3427918,35.64713573
3101013,화정마을,중산동,129.3408329,35.65723971
3101014,이화마을,중산동,129.3391081,35.66165809
3101015,메아리학교,중산동,129.3392449,35.6651625
3101022,메아리학교,중산동,129.3392449,35.6651625
3101023,이화마을,중산동,129.3391081,35.66165809
3101024,화정마을,중산동,129.3408329,35.65723971
3101025,약수마을,중산동,129.3427918,35.64713573
3101027,신천,신천동,129.3506787,35.6316587
3101028,시장2리,호계동,129.3510609,35.62738901
3101029,농소중학교,호계동,129.3542568,35.62395002
3101030,차일마을,창평동,129.3573658,35.61649877
3101031,농소공영차고지,창평동,129.3571923,35.61150538
3101032,원지마을입구,창평동,129.3549704,35.60884294
3101034,울산공항,화봉동,129.3575055,35.59276622
3101247,북구청앞,연암동,129.3594932,35.58267618
3101250,화봉시장,연암동,129.3655203,35.58819516
3101252,연암동,연암동,129.3679297,35.58219868
3101254,원연암마을,연암동,129.363486,35.57387749
3101255,대신강업,효문동,129.367066,35.57145155
3101256,SJG세종,효문동,129.3673599,35.56943639
3101257,효문초등학교,효문동,129.3706415,35.56518514
3101260,효문초등학교,효문동,129.3706415,35.56518514
3101261,SJG세종,효문동,129.3673599,35.56943639
3101262,대신강업,효문동,129.367066,35.57145155
3101265,연암동,연암동,129.3679297,35.58219868
3101267,화봉시장,연암동,129.3655203,35.58819516
3101270,북구청앞,연암동,129.3594932,35.58267618
3101288,구암마을,어물동,129.4523687,35.57518955
3101289,금천마을,당사동,129.4522224,35.58024541
3101290,튜릭아트박물관,당사동,129.455223,35.58182235
3101291,당사마을,당사동,129.4558927,35.58532198
3101292,우가마을,당사동,129.4622812,35.59399527
3101293,윗우가마을,당사동,129.4628334,35.5975659
3101294,제전마을,구유동,129.457688,35.60515139
3101297,판지마을,구유동,129.4559391,35.61224209
3101300,정자,정자동,129.4477752,35.61536685
3101302,판지마을,구유동,129.4559391,35.61224209
3101304,제전입구,구유동,129.4571169,35.60686044
3101305,제전마을,구유동,129.457688,35.60515139
3101306,윗우가마을,당사동,129.4628334,35.5975659
3101307,우가마을,당사동,129.4622812,35.59399527
3101308,당사마을,당사동,129.4558927,35.58532198
3101309,튜릭아트박물관,당사동,129.455223,35.58182235
3101310,금천마을,당사동,129.4522224,35.58024541
3101311,구암마을,어물동,129.4523687,35.57518955
3101353,연암,연암동,129.3691482,35.58024981
3101354,상방마을,연암동,129.3655059,35.58089253
3101355,북구청남문,연암동,129.3613571,35.58087701
3101388,북구청남문,연암동,129.3613571,35.58087701
3101389,상방마을,연암동,129.3655059,35.58089253
3101390,연암,연암동,129.3691482,35.58024981
3101424,효문사거리,진장동,129.3635697,35.56130862
3101483,성내,염포동,129.4010898,35.52490682
3101484,염포동,염포동,129.3963722,35.52830504
3101485,신전,염포동,129.3894475,35.53470865
3101488,아랫율동,양정동,129.379093,35.55667177
3101490,효정고등학교입구,효문동,129.3734066,35.56003431
3101491,영산공업사,효문동,129.3692803,35.56058927
3101492,효문사거리,진장동,129.3635697,35.56130862
3101532,효문사거리,진장동,129.3635697,35.56130862
3101533,합동공업사,효문동,129.3680976,35.56100659
3101534,효정고등학교입구,효문동,129.3734066,35.56003431
3101536,아랫율동,양정동,129.379093,35.55667177
3101539,신전,염포동,129.3894475,35.53470865
3101540,염포동,염포동,129.3963722,35.52830504
3101541,성내,염포동,129.4010898,35.52490682
3101562,천곡마을입구,천곡동,129.3303868,35.6391097
3101569,모듈화산업단지입구,연암동,129.3743822,35.57793861
3101576,상연암,연암동,129.3764941,35.5781734
3101577,모듈화산업단지입구,연암동,129.3743822,35.57793861
3102060,상안초등학교,천곡동,129.3350857,35.63283793
3102084,성혜마을,시례동,129.3452245,35.59630868
3102085,창좌입구,시례동,129.34773,35.60406491
3102086,샛터,상안동,129.3381869,35.61540105
3102089,금천마을입구,어물동,129.4519752,35.58016737
3102090,금천마을회관,어물동,129.4494572,35.57961962
3102105,금천마을입구,당사동,129.4519752,35.58016737
3102119,차량등록사업소입구,진장동,129.3569517,35.57112903
3102120,차량등록사업소입구,진장동,129.3569517,35.57112903
3102124,자동차부품혁신센터,매곡동,129.3635095,35.65000495
3102133,일신정밀,매곡동,129.3634139,35.64585846
3102139,메가마트,진장동,129.1152159,35.54771107
3102140,메가마트,진장동,129.1152159,35.54771107
3102201,황토전경로당,어물동,129.4317528,35.57951939
3102205,천곡마을입구,천곡동,129.3303868,35.6391097
3102215,평창리비에르3차,명촌동,129.3544746,35.55337989
3102216,평창리비에르3차,명촌동,129.3544746,35.55337989
3102219,명촌동입구,진장동,129.3586316,35.56086668
3102223,명촌동,진장동,129.3567636,35.55755882
3102224,명촌동,진장동,129.3567636,35.55755882
3102239,천곡마을입구,천곡동,129.3303868,35.6391097
3102559,매곡휴먼시아,매곡동,129.3506223,35.64345618
3102560,매곡휴먼시아,매곡동,129.3506223,35.64345618
3102595,벽산블루밍,천곡동,129.3289389,35.63729572
3102596,벽산블루밍,천곡동,129.3289389,35.63729572
3102602,월드메르디앙2단지,매곡동,129.3575573,35.64107562
3102603,월드메르디앙2단지,매곡동,129.3575573,35.64107562
3102604,월드메르디앙1단지,매곡동,129.3586709,35.64050558
3102605,월드메르디앙1단지,매곡동,129.3586709,35.64050558
3102613,당사군부대,당사동,129.4619993,35.58595785
3102656,엠코타운,신천동,129.3471381,35.64403137
3102658,매곡중학교,매곡동,129.3497297,35.64509825
3102659,매곡중학교,매곡동,129.3497297,35.64509825
3102660,매곡119안전센터,매곡동,129.3580677,35.64963508
3102661,매곡119안전센터,중산동,129.3580677,35.64963508
3102662,매곡,매곡동,129.360227,35.63970552
3102677,광장교회,매곡동,129.3575363,35.64193339
3102718,신현동,신현동,129.4188472,35.5896673
3102752,연암배면교차로,연암동,129.369979,35.57760898
3102798,농소공영차고지,창평동,129.3571923,35.61150538
3102799,호계주공아파트,호계동,129.3566423,35.63054907
3102800,유황사우나,호계동,129.3577276,35.6285842
3102816,성내,염포동,129.4010898,35.52490682
3102936,유황사우나,호계동,129.3577276,35.6285842
3102955,대동아파트입구,천곡동,129.3288823,35.63843438
3102956,대동아파트입구,천곡동,129.3288823,35.63843438
3102985,약수윗마을,중산동,129.3519439,35.65185793
3103003,화봉고등학교,화봉동,129.3699092,35.59383284
3103004,화봉고등학교,화봉동,129.3699092,35.59383284
3103005,화봉휴먼시아3단지,화봉동,129.3655203,35.59403596
3103006,화봉휴먼시아3단지,화봉동,129.3655203,35.59403596
3103007,송정초등학교,화봉동,129.3651016,35.59076503
3103009,동아청구아파트앞,화봉동,129.3659004,35.58880968
3103010,동아청구아파트앞,화봉동,129.3659004,35.58880968
3103020,달천아이파크1차,천곡동,129.3283678,35.63520394
3103048,우정교회,진장동,129.3571846,35.55970223
3103108,푸르지오1차,산하동,129.4357695,35.63705674
3103109,푸르지오1차,산하동,129.4357695,35.63705674
3103221,푸르지오2차,산하동,129.438882,35.6247522
3103222,푸르지오2차,산하동,129.438882,35.6247522
3103223,강동중학교,산하동,129.4373625,35.62896219
3103224,강동중학교,산하동,129.4373625,35.62896219
3103233,현대출고교차로,효문동,129.3771773,35.55998144
3103246,차량등록사업소입구,진장동,129.3569517,35.57112903
3103259,버덩길,가대동,129.3122457,35.60619984
3103368,신명(달맞이휴게소),신명동,129.4455753,35.64757
3103452,강동서희스타힐스,산하동,129.4376272,35.63635185
3103453,강동서희스타힐스,산하동,129.4376272,35.63635185
3103454,강동초등학교,산하동,129.4372445,35.63174523
3103455,강동초등학교,산하동,129.4372445,35.63174523
3103461,현대파크맨션,매곡동,129.3544846,35.64574958
3103462,현대파크맨션,매곡동,129.3544846,35.64574958
3103465,오토밸리줌파크,중산동,129.348956,35.65403509
3103466,약수윗마을,중산동,129.3519439,35.65185793
3103529,매곡푸르지오1차,매곡동,129.3527273,35.64573957
3103530,매곡푸르지오1차,매곡동,129.3527273,35.64573957
3103531,약수윗마을,중산동,129.3519439,35.65185793
3103532,중산초등학교,중산동,129.3518037,35.65056311
3103641,광장교회,매곡동,129.3575363,35.64193339
3103651,농소1동도서관,호계동,129.3547662,35.62934796
3103652,농소1동도서관,호계동,129.3547662,35.62934796
3103672,신명휴게소,신명동,129.448132,35.65140594
3103699,정자사거리,정자동,129.4472175,35.61469825
3103709,마동,매곡동,129.3622882,35.63886107
3103785,호계한양수자인,호계동,129.3601062,35.62276116
3103795,제일풍경채,송정동,129.3696122,35.60470412
3103796,제일풍경채정문,송정동,129.3680866,35.60377724
3103797,금강펜테리움2차,송정동,129.3663351,35.60358015
3103798,한양수자인,송정동,129.363094,35.60254804
3103800,박상진의사송정역사공원,송정동,129.3610205,35.60270008
3103801,송정동,송정동,129.3549408,35.60102995
3103804,화봉초등학교,화봉동,129.3666554,35.59588085
3103805,한라비발디,화봉동,129.3665005,35.59804123
3103806,반도유보라정문,송정동,129.3658729,35.60153066
3103807,송정하우스디,송정동,129.3654178,35.60382816
3103808,북부소방서,송정동,129.3688227,35.60674024
3103809,반도유보라정문,송정동,129.3658729,35.60153066
3103810,금강펜테리움,화봉동,129.3662863,35.5980337
3103811,화봉초등학교,화봉동,129.3666554,35.59588085
3103814,황토방아파트,천곡동,129.3253395,35.63872296
3103826,울산공항정문,화봉동,129.3561384,35.59246757
3103853,지당마을,송정동,129.3554536,35.6030665
3103857,지당마을,송정동,129.3554536,35.6030665
3103860,홈골,호계동,129.3628325,35.62992685
3103861,울산북부경찰서,화봉동,129.3711176,35.59799614
3103883,박상진의사송정역사공원,송정동,129.3610205,35.60270008
3103884,송정하우스디,송정동,129.3654178,35.60382816
3103885,호반베르디움,송정동,129.3608908,35.60377913
3103886,호반베르디움,송정동,129.3608908,35.60377913
3103887,한양수자인,송정동,129.363094,35.60254804
3103888,고헌초등학교,송정동,129.3705162,35.60130421
3103909,곡리마을,송정동,129.3659671,35.60606202
3103915,반도유보라,송정동,129.3677448,35.60355489
3103916,제일풍경채,송정동,129.3696122,35.60470412
3103917,곡리마을,송정동,129.3659671,35.60606202
3103918,북부소방서,송정동,129.3688227,35.60674024
3103932,호계중학교,호계동,129.3595507,35.6319335
3103936,농소농협하나로마트,신천동,129.3494177,35.63472065
3103937,농소농협하나로마트,신천동,129.3494177,35.63472065
3103939,와우시티교,신천동,129.3513848,35.636961
3104016,U스타시티일동미라주,중산동,129.3537876,35.65270601
3104052,공공산후조리원,호계동,129.3644195,35.63127638
3104053,공공산후조리원,호계동,129.3644195,35.63127638
3104054,송정LH1단지,화봉동,129.366241,35.59946927
3104059,중산중앙로교차로,중산동,129.3512126,35.65307573
3104084,울산송정푸르지오,화봉동,129.3705603,35.59972747
3104085,한라비발디정문,화봉동,129.3688736,35.59756501
3104086,한라비발디정문,화봉동,129.3688736,35.59756501
3104087,고헌중학교,송정동,129.3616499,35.59938293
3104088,고헌중학교,송정동,129.3616499,35.59938293
3104091,대안입구,신명동,129.4396961,35.63969201
3104095,U스타시티일동미라주,중산동,129.3537876,35.65270601
3104096,산하중앙사거리,산하동,129.4387992,35.63608409
3104097,산하중앙사거리,산하동,129.4387992,35.63608409
3104101,활어직판장,정자동,129.4505367,35.61817323
3104121,송정동행정복지센터,화봉동,129.3650248,35.59258541
3104130,선창골,천곡동,129.3233605,35.64783321
3104131,선창골,천곡동,129.3233605,35.64783321
3104219,강변효성해링턴,명촌동,129.3534725,35.55689131
3104228,명촌차고지(기점),명촌동,129.3605786,35.55236195
3104229,명촌차고지(종점),명촌동,129.360804,35.55245413
3104237,신천리플렉스,신천동,129.3556789,35.63510413
3104238,신천리플렉스,신천동,129.3556789,35.63510413
3104239,호계주공1단지,호계동,129.3580428,35.63216551
3104240,호계주공1단지,호계동,129.3580428,35.63216551
3104282,북울산역앞,창평동,129.3710866,35.61391303
3104283,북울산역앞,창평동,129.3710866,35.61391303
2642677,서생농협,서생면,129.3232945,35.34812072
3100032,서생면행정복지센터입구,서생면,129.3250119,35.34958376
3100033,서생면행정복지센터입구,서생면,129.3250119,35.34958376
3100034,간절곶,서생면,129.3552643,35.35942564
3100035,간절곶,서생면,129.3552643,35.35942564
3100036,진목회관,범서읍,129.2088558,35.57218852
3100037,진목회관,범서읍,129.2088558,35.57218852
3100039,진목,범서읍,129.2126533,35.57252434
3100040,입암,범서읍,129.225533,35.57243172
3100041,입암,범서읍,129.225533,35.57243172
3100042,울산과학기술원정문,범서읍,129.1953332,35.57193713
3100044,울산과학기술원입구,범서읍,129.2000054,35.57204069
3100045,울산과학기술원입구,범서읍,129.2000054,35.57204069
3100046,울산과학기술원,범서읍,129.1917766,35.57375317
3100047,사연,범서읍,129.2023183,35.57199401
3100048,범서읍행정복지센터,범서읍,129.2309499,35.56871983
3100049,범서읍행정복지센터,범서읍,129.2309499,35.56871983
3100050,대성농수산,서생면,129.3529471,35.3704536
3100051,대성농수산,서생면,129.3529471,35.3704536
3100064,천상청구제네스아파트,범서읍,129.2237936,35.56202184
3100065,천상청구제네스아파트,범서읍,129.2237936,35.56202184
3100105,반정삼거리,웅촌면,129.2292404,35.49202746
3100110,한국제지,온산읍,129.3468663,35.41076678
3100112,코스모화학,온산읍,129.3382342,35.41785231
3100113,코스모화학,온산읍,129.3382342,35.41785231
3100118,이진마을입구,온산읍,129.3512234,35.42795534
3100119,이진마을입구,온산읍,129.3512234,35.42795534
3100122,S-oil동문입구,온산읍,129.3503702,35.44257172
3100123,S-oil동문입구,온산읍,129.3503702,35.44257172
3100124,세진중공업,온산읍,129.351231,35.42337408
3100125,세진중공업,온산읍,129.351231,35.42337408
3100128,KG케미칼,온산읍,129.3512224,35.4323129
3100129,KG케미칼,온산읍,129.3512224,35.4323129
3100157,굿모닝힐,범서읍,129.239977,35.57748329
3100158,굿모닝힐,범서읍,129.239977,35.57748329
3100167,범서파출소,범서읍,129.2439284,35.5716826
3100168,범서파출소,범서읍,129.2439284,35.5716826
3100173,주공1단지,범서읍,129.2482122,35.56974077
3100174,주공1단지,범서읍,129.2482122,35.56974077
3100177,반정삼거리,청량읍,129.2292404,35.49202746
3100199,선바위입구,범서읍,129.2344331,35.57876354
3100208,내사,범서읍,129.2669367,35.58689506
3100209,내사,범서읍,129.2669367,35.58689506
3100241,대복입구울산예고,웅촌면,129.217036,35.48410884
3100242,대복입구울산예고,웅촌면,129.217036,35.48410884
3100267,대복입구,웅촌면,129.2168384,35.48479248
3100268,대복입구,웅촌면,129.2168384,35.48479248
3100306,온양체육공원,온양읍,129.2806854,35.42701491
3100307,온양체육공원,온양읍,129.2806854,35.42701491
3100326,갈티마을입구,청량읍,129.2734025,35.52700899
3100329,춘해보건대학교,웅촌면,129.1956571,35.45916048
3100330,춘해보건대학교,웅촌면,129.1956571,35.45916048
3100331,대리마을,범서읍,129.172015,35.66348528
3100332,대리마을,범서읍,129.172015,35.66348528
3100340,삼정초등학교,청량읍,129.2329554,35.49206878
3100341,문수경기장,청량읍,129.2572321,35.53425145
3100342,문수경기장,청량읍,129.2572321,35.53425145
3100553,구영교,범서읍,129.2485135,35.56028288
3100554,구영교,범서읍,129.2485135,35.56028288
3100555,현대2차아파트,범서읍,129.2359682,35.57072405
3100556,현대2차아파트,범서읍,129.2359682,35.57072405
3100565,동지마을,청량읍,129.2835346,35.48723842
3100593,(주)TCT제2공장,온산읍,129.333938,35.46128879
3100594,(주)TCT제2공장,온산읍,129.333938,35.46128879
3100684,한솔그린빌,웅촌면,129.2124002,35.49010116
3100685,대복구판장,웅촌면,129.2138988,35.48778069
3100686,대복구판장,웅촌면,129.2138988,35.48778069
3100687,한솔그린빌,웅촌면,129.2124002,35.49010116
3100693,남부노인복지관,온양읍,129.2980154,35.40753621
3100694,술마교,서생면,129.3109131,35.40295131
3100696,술마,서생면,129.3211106,35.39651628
3100697,서생교,서생면,129.3322315,35.39245805
3100698,화정마을,서생면,129.3408329,35.65723971
3100699,솔개마을,서생면,129.3464375,35.3731814
3100700,송정마을,서생면,129.3533431,35.36701234
3100701,평동,서생면,129.3531798,35.35794526
3100702,산자골,서생면,129.3471035,35.3562291
3100703,나사리,서생면,129.3411728,35.35767904
3100704,나사리입구,서생면,129.3347177,35.35699915
3100705,서생중학교,서생면,129.3294515,35.35074593
3100706,신암입구,서생면,129.320664,35.34706744
3100707,신리,서생면,129.1104047,35.59775318
3100709,서생교량,서생면,129.3039619,35.34429921
3100710,연산마을,서생면,129.2998284,35.34382442
3100711,서생농협구동지점,서생면,129.2948674,35.34616132
3100712,서생농협구동지점,서생면,129.2948674,35.34616132
3100713,연산마을,서생면,129.2998284,35.34382442
3100714,서생교량,서생면,129.3039619,35.34429921
3100716,신리,서생면,129.1104047,35.59775318
3100717,신암입구,서생면,129.320664,35.34706744
3100719,나사리입구,서생면,129.3347177,35.35699915
3100720,나사리,서생면,129.3411728,35.35767904
3100721,산자골,서생면,129.3471035,35.3562291
3100722,평동,서생면,129.3531798,35.35794526
3100723,송정마을,서생면,129.3533431,35.36701234
3100724,솔개마을,서생면,129.3464375,35.3731814
3100725,화정마을,서생면,129.3408329,35.65723971
3100728,내회,서생면,129.3134215,35.39993619
3100729,술마교,서생면,129.3109131,35.40295131
3100730,남부노인복지관,온양읍,129.2980154,35.40753621
3100744,제일물산입구,온산읍,129.3373552,35.42836527
3100746,산성마을,온산읍,129.3288088,35.42841214
3100747,산성마을,온산읍,129.3288088,35.42841214
3100749,제일물산입구,온산읍,129.3373552,35.42836527
3100770,대진,웅촌면,129.2055141,35.45631487
3100771,하대마을,웅촌면,129.2012508,35.45022717
3100772,중대마을,웅촌면,129.1973961,35.4445001
3100773,상대마을,웅촌면,129.1920494,35.43917218
3100807,상대마을,웅촌면,129.1920494,35.43917218
3100808,중대마을,웅촌면,129.1973961,35.4445001
3100809,하대마을,웅촌면,129.2012508,35.45022717
3100885,오복회관,웅촌면,129.2215388,35.4734732
3100886,석천마을,웅촌면,129.2347963,35.47048161
3100891,석천마을,웅촌면,129.2347963,35.47048161
3100893,울산구치소입구,청량읍,129.254413,35.53195545
3100894,영해마을,청량읍,129.2448777,35.52555348
3100896,율현마을,청량읍,129.2366704,35.50965044
3100898,오복마을,웅촌면,129.2195041,35.47500669
3100899,웅촌,웅촌면,129.2086445,35.46422266
3100900,서중회관,웅촌면,129.2026322,35.46292275
3100902,검단마을,웅촌면,129.1846352,35.45622239
3100903,괴천삼거리,웅촌면,129.1797479,35.45345024
3100904,검단분교,웅촌면,129.1771444,35.45808015
3100905,암곡마을,웅촌면,129.1748218,35.46325726
3100908,검단분교,웅촌면,129.1771444,35.45808015
3100909,괴천,웅촌면,129.1755567,35.45083599
3100910,괴천,웅촌면,129.1755567,35.45083599
3100913,새검단,웅촌면,129.1894065,35.45622301
3100914,서중회관,웅촌면,129.2026322,35.46292275
3100915,웅촌,웅촌면,129.2086445,35.46422266
3100916,오복마을,웅촌면,129.2195041,35.47500669
3100918,율현마을,청량읍,129.2366704,35.50965044
3100920,영해마을,청량읍,129.2448777,35.52555348
3100921,울산구치소입구,청량읍,129.254413,35.53195545
3100922,덕정마을,청량읍,129.2983744,35.48498436
3100924,양동마을,청량읍,129.2921134,35.46688309
3100925,원동마을,온양읍,129.2900829,35.45910209
3100926,망양역,온양읍,129.2890304,35.45490226
3100927,덕신입구,온산읍,129.2836789,35.43785576
3100928,외고산옹기마을,온양읍,129.2807273,35.43429002
3100929,남창입구,온양읍,129.2808956,35.42043577
3100930,온양우체국,온양읍,129.2816836,35.41706921
3100931,남창고등학교,온양읍,129.2784612,35.41688244
3100932,대안사거리,온양읍,129.2826361,35.41431841
3100936,솔밭마을,온양읍,129.2880858,35.40869501
3100937,울산온천,온양읍,129.2946088,35.4079554
3100938,울산온천,온양읍,129.2946088,35.4079554
3100939,솔밭마을,온양읍,129.2880858,35.40869501
3100943,대안사거리,온양읍,129.2826361,35.41431841
3100944,남창고등학교,온양읍,129.2784612,35.41688244
3100945,남창,온양읍,129.280812,35.4171571
3100946,온양읍행정복지센터,온양읍,129.2807765,35.41976694
3100947,외고산옹기마을,온양읍,129.2807273,35.43429002
3100949,망양역,온양읍,129.2890304,35.45490226
3100950,원동마을,온양읍,129.2900829,35.45910209
3100951,양동마을,청량읍,129.2921134,35.46688309
3100953,덕정마을,청량읍,129.2983744,35.48498436
3100954,덕하삼거리,청량읍,129.3063649,35.49475895
3100955,덕하시장앞,청량읍,129.3071946,35.49188875
3100957,청백교앞,청량읍,129.3088748,35.48106162
3100958,용암마을,청량읍,129.3157786,35.46927089
3100959,신촌마을,청량읍,129.3209706,35.46803416
3100961,처용마을입구,온산읍,129.3323154,35.46613472
3100964,S-oil정문,온산읍,129.3343787,35.44659771
3100967,백골부대성역지,온산읍,129.3243631,35.43467206
3100970,울산기술공업고등학교앞,온산읍,129.3066327,35.43767876
3100971,울산기술공업고등학교앞,온산읍,129.3066327,35.43767876
3100974,백골부대성역지,온산읍,129.3243631,35.43467206
3100976,화산119센터,온산읍,129.3344421,35.44180614
3100977,S-oil정문,온산읍,129.3343787,35.44659771
3100979,회학마을입구,온산읍,129.3338882,35.45574223
3100980,처용마을입구,온산읍,129.3323154,35.46613472
3100982,신촌마을,청량읍,129.3209706,35.46803416
3100983,용암마을,청량읍,129.3157786,35.46927089
3100986,덕하시장앞,청량읍,129.3071946,35.49188875
3100987,덕하삼거리,청량읍,129.3063649,35.49475895
3101041,쌍용하나빌리지,청량읍,129.238008,35.49559591
3101043,쌍용하나빌리지206,청량읍,129.2392216,35.49426343
3101044,쌍용하나빌리지,청량읍,129.238008,35.49559591
3101063,죽전교,청량읍,129.27227,35.51375227
3101064,죽전마을,청량읍,129.0099992,35.53138611
3101065,농업기술센터,청량읍,129.2662178,35.52245593
3101067,두현회관앞,청량읍,129.2601103,35.52693228
3101070,농업기술센터,청량읍,129.2662178,35.52245593
3101091,청량파출소,청량읍,129.3057609,35.49463515
3101096,청량파출소,청량읍,129.3057609,35.49463515
3101125,굴화마을,범서읍,129.2577057,35.55772701
3101128,현대3차아파트,범서읍,129.2412154,35.56985377
3101130,구영리입구,범서읍,129.2327456,35.57145092
3101131,천상1교사거리,범서읍,129.2322269,35.56878406
3101133,천상,범서읍,129.2293056,35.56320383
3101134,한라아파트,범서읍,129.2260804,35.56251583
3101135,한라아파트,범서읍,129.2260804,35.56251583
3101136,천상,범서읍,129.2293056,35.56320383
3101138,천상1교사거리,범서읍,129.2322269,35.56878406
3101141,현대3차아파트,범서읍,129.2412154,35.56985377
3101143,백천마을,범서읍,129.2514968,35.55965219
3101144,굴화마을,범서읍,129.2577057,35.55772701
3101155,울산구치소,청량읍,129.2589255,35.52865414
3101565,구영리입구,범서읍,129.2327456,35.57145092
3101582,온산수질개선사업소,온산읍,129.3512403,35.41110117
3101586,장수나무,온산읍,129.3064681,35.43052009
3101588,무궁화아파트,온산읍,129.3119323,35.42759138
3101606,대리마을,범서읍,129.172015,35.66348528
3101607,대리마을,범서읍,129.172015,35.66348528
3101609,교동주공아파트,삼남읍,129.1137813,35.56002037
3101611,서울산보람병원,삼남읍,129.1209842,35.55928466
3101615,언양우체국,언양읍,129.1248425,35.5664357
3101616,언양읍행정복지센터,언양읍,129.125062,35.56940857
3101620,언양중학교,언양읍,129.1277122,35.56994407
3101622,언양읍행정복지센터,언양읍,129.125062,35.56940857
3101623,언양우체국,언양읍,129.1248425,35.5664357
3101626,언양전화국,언양읍,129.1189952,35.56620873
3101628,언양성당,언양읍,129.1148976,35.56857178
3101629,삼성아파트,언양읍,129.1124403,35.56784244
3101631,경동청구,언양읍,129.1085788,35.5687902
3101632,청구골든,상북면,129.1072409,35.57217085
3101633,능산,상북면,129.1040834,35.57565745
3101634,면허시험장,상북면,129.1008882,35.57759664
3101635,면허시험장,상북면,129.1008882,35.57759664
3101636,능산,상북면,129.1040834,35.57565745
3101637,청구골든,상북면,129.1072409,35.57217085
3101638,경동청구,언양읍,129.1085788,35.5687902
3101639,언양성당,언양읍,129.1148976,35.56857178
3101641,삼성아파트,언양읍,129.1124403,35.56784244
3101645,언양복지회관,언양읍,129.1265815,35.56984978
3101648,시장입구,언양읍,129.1264175,35.5644603
3101651,서울산보람병원,삼남읍,129.1209842,35.55928466
3101653,교동주공아파트,삼남읍,129.1137813,35.56002037
3101659,두동농공단지,두동면,129.2064932,35.70439444
3101663,하월평,두동면,129.2089494,35.69862383
3101670,유지터,두동면,129.2273038,35.68700771
3101672,당산,두동면,129.0109514,35.53599542
3101674,주원마을,두동면,129.1997844,35.66400015
3101675,두동대밀,두동면,129.2014299,35.66023251
3101676,두동면행정복지센터,두동면,129.2012752,35.65451898
3101677,홍골,두동면,129.2057683,35.65089432
3101680,장성,두동면,129.0735072,35.61213807
3101681,은편하리회관,두동면,129.2162455,35.6388874
3101682,은편중리,두동면,129.2174947,35.63628829
3101683,은편삼거리,두동면,129.2187683,35.63412113
3101686,중리회관,범서읍,129.2332979,35.60069868
3101687,범서중리,범서읍,129.2334423,35.59771456
3101688,망성,범서읍,129.2309183,35.58923383
3101689,망성교,범서읍,129.2309361,35.58631947
3101690,망성교,범서읍,129.2309361,35.58631947
3101691,범서중리,범서읍,129.2334423,35.59771456
3101701,홍골,두동면,129.2057683,35.65089432
3101706,당산,두동면,129.0109514,35.53599542
3101716,대신회관,범서읍,129.2873138,35.64305729
3101718,큰마을,범서읍,129.2877958,35.63722743
3101720,성산주유소,범서읍,129.2874769,35.63444333
3101721,왕걸,범서읍,129.2881509,35.63015493
3101722,왕걸,범서읍,129.2881509,35.63015493
3101724,먹골,범서읍,129.2862751,35.62539887
3101726,방아다리마을,범서읍,129.2860336,35.62067845
3101728,구룡회관,범서읍,129.2798575,35.6113588
3101730,구룡삼거리,범서읍,129.2796016,35.60893538
3101733,연동,범서읍,129.2803308,35.60434054
3101734,연동,범서읍,129.2803308,35.60434054
3101735,신척과,범서읍,129.2748293,35.59848743
3101736,신척과,범서읍,129.2748293,35.59848743
3101740,반용회관,범서읍,129.2685192,35.62113622
3101741,홍상골,범서읍,129.2712928,35.61758236
3101742,홍상골,범서읍,129.2712928,35.61758236
3101744,척과초등학교,범서읍,129.2746267,35.61467705
3101746,농협척과지점,범서읍,129.2762193,35.61314213
3101749,언양알프스시장,언양읍,129.1242815,35.56288638
3101750,언양알프스시장,언양읍,129.1242815,35.56288638
3101751,상차리,두서면,129.1176335,35.63966315
3101753,중차리,두서면,129.1223783,35.6364956
3101754,하차리,두서면,129.1269465,35.63228295
3101761,고속도휴게소,언양읍,129.1353693,35.59639017
3101769,진현,두서면,129.1458965,35.61020783
3101771,고하,언양읍,129.1418893,35.6049992
3101772,반곡초등학교,언양읍,129.1399626,35.60275323
3101775,정거리,언양읍,129.1343201,35.5936503
3101776,신화(태기)입구,언양읍,129.1333563,35.58767849
3101779,들꽃학습원,범서읍,129.2692573,35.59094474
3101782,옥동,언양읍,129.1442076,35.60695837
3101791,인보,두서면,129.1591954,35.64337508
3101799,인보,두서면,129.1591954,35.64337508
3101800,서하,두서면,129.1580393,35.63864761
3101801,대정,두서면,129.1582779,35.63502605
3101803,구량천전,두동면,129.1492874,35.61690732
3101811,언양전화국,언양읍,129.1189952,35.56620873
3101812,남천교,언양읍,129.1225718,35.56336227
3101814,상북중학교,상북면,129.0989063,35.58212255
3101815,향산,상북면,129.0962647,35.58571395
3101816,경의고등학교,상북면,129.0931419,35.58784004
3101817,상북면행정복지센터,상북면,129.091535,35.59018793
3101829,간월입구,상북면,129.0725844,35.55716742
3101831,간월사앞,상북면,129.0747782,35.55485151
3101832,간월입구,상북면,129.0725844,35.55716742
3101834,등억,상북면,129.0866823,35.55607203
3101836,작천정입구,삼남읍,129.1164788,35.55034523
3101837,상평마을,삼남읍,129.1216396,35.56215979
3101838,남천교,언양읍,129.1225718,35.56336227
3101841,석남사,상북면,129.0394276,35.61782694
3101842,행정,상북면,129.0463277,35.61638207
3101843,소야정,상북면,129.0561655,35.6172117
3101844,궁근정,상북면,129.0672323,35.61612275
3101845,장성,상북면,129.0735072,35.61213807
3101846,상북농공단지,상북면,129.0748495,35.61093114
3101847,양등입구,상북면,129.0814155,35.60081284
3101849,상북면행정복지센터,상북면,129.091535,35.59018793
3101850,경의고등학교,상북면,129.0931419,35.58784004
3101851,향산,상북면,129.0962647,35.58571395
3101852,상북중학교,상북면,129.0989063,35.58212255
3101853,언양전화국,언양읍,129.1189952,35.56620873
3101855,언양고등학교,언양읍,129.1326016,35.56105119
3101856,어음리E편한세상,언양읍,129.1340998,35.55991109
3101858,언양자동차학원,언양읍,129.1405209,35.55631399
3101859,장촌상리,언양읍,129.1488591,35.54979522
3101860,장촌,언양읍,129.1517227,35.54904624
3101861,공촌,언양읍,129.1627813,35.54966369
3101862,대방아파트,언양읍,129.1671048,35.54943591
3101863,반송,언양읍,129.1701166,35.55017819
3101864,효성앞,언양읍,129.1760135,35.5527307
3101865,반천,언양읍,129.1784833,35.55425553
3101866,반천초등학교,언양읍,129.1819615,35.55670877
3101868,반천현대아파트입구,언양읍,129.1869029,35.56263999
3101869,무동,언양읍,129.1940838,35.56448562
3101872,반천현대아파트입구,언양읍,129.1869029,35.56263999
3101873,미연,언양읍,129.1839233,35.558953
3101875,반천,언양읍,129.1784833,35.55425553
3101877,반송,언양읍,129.1701166,35.55017819
3101878,대방아파트,언양읍,129.1671048,35.54943591
3101879,공촌,언양읍,129.1627813,35.54966369
3101880,장촌,언양읍,129.1517227,35.54904624
3101881,장촌상리,언양읍,129.1488591,35.54979522
3101884,어음리E편한세상,언양읍,129.1340998,35.55991109
3101885,언양고등학교,언양읍,129.1326016,35.56105119
3101887,양등입구,상북면,129.0814155,35.60081284
3101888,상북농공단지,상북면,129.0748495,35.61093114
3101889,장성,상북면,129.0735072,35.61213807
3101891,궁근정,상북면,129.0672323,35.61612275
3101895,은편삼거리,두동면,129.2187683,35.63412113
3101898,원평마을,언양읍,129.1275173,35.6090689
3101904,상평마을,삼남읍,129.1216396,35.56215979
3101905,작천정입구,삼남읍,129.1164788,35.55034523
3101906,메가마트,삼남읍,129.1152159,35.54771107
3101907,벌장,삼남읍,129.1141635,35.54598488
3101908,마산입구,삼남읍,129.1098157,35.53978575
3101909,중남초등학교,삼남읍,129.1083714,35.53717259
3101910,대원그린아파트,삼남읍,129.1048862,35.5326126
3101914,가천,삼남읍,129.0957649,35.52272313
3101916,삼성SDI,삼남읍,129.0954566,35.51196848
3101917,방기초등학교,삼남읍,129.0921933,35.50698788
3101918,방기,삼남읍,129.0903704,35.50563454
3101920,웃마산,삼남읍,129.1155474,35.53858821
3101923,방기초등학교,삼남읍,129.0921933,35.50698788
3101924,삼성SDI,삼남읍,129.0954566,35.51196848
3101926,가천,삼남읍,129.0957649,35.52272313
3101927,신안입구,삼남읍,129.0993844,35.52549975
3101929,공암,삼남읍,129.1024332,35.53035442
3101930,대원그린아파트,삼남읍,129.1048862,35.5326126
3101931,중남초등학교,삼남읍,129.1083714,35.53717259
3101932,마산입구,삼남읍,129.1098157,35.53978575
3101933,벌장,삼남읍,129.1141635,35.54598488
3101934,메가마트,삼남읍,129.1152159,35.54771107
3101935,작천정입구,삼남읍,129.1164788,35.55034523
3101943,금곡,삼동면,129.1495802,35.51182777
3101945,내외양,삼동면,129.1377268,35.50652317
3101950,암리,삼동면,129.1039116,35.49887619
3101954,암리,삼동면,129.1039116,35.49887619
3101955,조일,삼동면,129.113095,35.49868601
3101956,조일입구,삼동면,129.1145828,35.50031804
3101957,지랑,삼동면,129.1231861,35.498268
3101959,내외양,삼동면,129.1377268,35.50652317
3101961,금곡,삼동면,129.1495802,35.51182777
3101962,왕방,삼동면,129.1557021,35.51417527
3101975,미호,두서면,129.1768682,35.67417946
3101976,미호입구(하동),두서면,129.1769359,35.67434632
3101977,두서농공단지,두서면,129.1742599,35.66806197
3101978,유촌입구,두서면,129.173732,35.66538548
3101979,전읍,두서면,129.172323,35.66246409
3101980,두광중학교,두서면,129.1686507,35.65625881
3101987,반천현대아파트,언양읍,129.1899969,35.55892478
3101991,지화,상북면,129.0919937,35.57960076
3101993,큰나무놀이터,상북면,129.0848133,35.58435284
3102000,대리,상북면,129.1086238,35.59278141
3102015,소호,상북면,129.0858112,35.6699136
3102016,태종,상북면,129.0805142,35.6953718
3102022,마산,삼남읍,129.1217537,35.53751946
3102023,마산입구,삼남읍,129.1098157,35.53978575
3102025,울산산업고등학교,삼남읍,129.1176664,35.55374855
3102027,두서농공단지,두서면,129.1742599,35.66806197
3102028,가정마을,두서면,129.1940375,35.69401313
3102029,활천입구,두동면,129.1955295,35.7097143
3102034,등억,상북면,129.0866823,35.55607203
3102038,후리,상북면,129.0851465,35.57985237
3102040,큰나무놀이터,상북면,129.0848133,35.58435284
3102042,거리동회관,상북면,129.0763213,35.59002901
3102049,언양맨션,언양읍,129.1174849,35.56708527
3102062,삼동초등학교,삼동면,129.1584664,35.52371102
3102063,하잠,삼동면,129.1622424,35.52354511
3102067,작동마을,삼동면,129.1859536,35.51246145
3102069,신토불이,웅촌면,129.2112464,35.49241736
3102074,하작,삼동면,129.1792305,35.52036769
3102076,하잠,삼동면,129.1622424,35.52354511
3102078,사촌,삼동면,129.1568265,35.5207877
3102094,천상1교사거리,범서읍,129.2322269,35.56878406
3102095,천상1교사거리,범서읍,129.2322269,35.56878406
3102106,사연,범서읍,129.2023183,35.57199401
3102142,대밀사거리,두동면,129.1991745,35.65574627
3102143,박제상유적지입구,두동면,129.2092602,35.64749405
3102144,박제상유적지입구,두동면,129.2092602,35.64749405
3102145,당지마을,두동면,129.2248375,35.65287015
3102149,율림,두동면,129.2243751,35.63826924
3102156,언양읍성북문,언양읍,129.1224114,35.57023283
3102157,언양맨션,언양읍,129.1174849,35.56708527
3102200,무동,언양읍,129.1940838,35.56448562
3102240,강변그린빌,범서읍,129.2633472,35.55707799
3102292,청호빌라,삼남읍,129.0815828,35.51025833
3102294,삼아아파트,삼남읍,129.0844014,35.50814155
3102295,삼성교회,삼남읍,129.0857125,35.50765454
3102296,방기농협,삼남읍,129.0876628,35.50645685
3102297,이손요양병원,삼남읍,129.0911025,35.50624511
3102308,방기농협,삼남읍,129.0876628,35.50645685
3102310,삼아아파트,삼남읍,129.0844014,35.50814155
3102339,검단분교,웅촌면,129.1771444,35.45808015
3102345,온양하나로마트,온양읍,129.2912792,35.40883678
3102352,괴천다리,웅촌면,129.1741924,35.44774109
3102353,괴천다리,웅촌면,129.1741924,35.44774109
3102354,관동,웅촌면,129.1732944,35.44376181
3102355,관동,웅촌면,129.1732944,35.44376181
3102358,한일금속,웅촌면,129.1758876,35.43931369
3102359,한일금속,웅촌면,129.1758876,35.43931369
3102360,와지,웅촌면,129.1759808,35.43726102
3102390,천상중학교,범서읍,129.2219677,35.56214734
3102418,내고산,온양읍,129.2644981,35.44325477
3102419,중고산,온양읍,129.2698848,35.43504241
3102421,울주군립도서관,온양읍,129.2771555,35.41343352
3102428,하대음달,온양읍,129.2641607,35.40721251
3102430,상대마을,온양읍,129.1920494,35.43917218
3102431,대운산,온양읍,129.2450221,35.39509602
3102433,남창중학교,온양읍,129.2877721,35.41938712
3102435,대우아파트,온양읍,129.2869418,35.40754987
3102436,대우아파트,온양읍,129.2869418,35.40754987
3102437,남창중학교,온양읍,129.2877721,35.41938712
3102438,동상회관,온양읍,129.2900368,35.41910996
3102440,덕신대교,온산읍,129.3058167,35.4289656
3102441,덕신대교,온산읍,129.3058167,35.4289656
3102444,덕신소공원,온산읍,129.311559,35.43355082
3102450,하서,온양읍,129.3049288,35.41467615
3102453,상회입구,온산읍,129.3125566,35.40735402
3102455,상회회관,온산읍,129.3151358,35.40717847
3102460,내회마을,온산읍,129.3205526,35.40601119
3102462,삼평초등학교,온산읍,129.3224924,35.40564592
3102472,웃강양,온산읍,129.3393766,35.39385973
3102503,우주아파트,온양읍,129.2861907,35.40549561
3102504,우주아파트,온양읍,129.2861907,35.40549561
3102555,외황로입구,온산읍,129.3347763,35.46165023
3102568,농협하나로마트,범서읍,129.2545612,35.557603
3102575,농협하나로마트,범서읍,129.2545612,35.557603
3102577,수필아파트,범서읍,129.2505395,35.54861173
3102589,삼남신화,삼남읍,129.1259058,35.53838228
3102590,삼남신화,삼남읍,129.1259058,35.53838228
3102592,마산입구,삼남읍,129.1098157,35.53978575
3102597,선바위교,범서읍,129.2336286,35.57667762
3102598,선바위교,범서읍,129.2336286,35.57667762
3102607,한텍,온산읍,129.3512325,35.41785239
3102611,상남,청량읍,129.3081844,35.48427153
3102612,상남,청량읍,129.3081844,35.48427153
3102667,배내정상,상북면,129.0280076,35.57921988
3102670,주암마을입구,상북면,129.0227503,35.56665368
3102675,죽전마을,상북면,129.0099992,35.53138611
3102728,상동,범서읍,129.2659415,35.62399412
3102729,붉은밭골,범서읍,129.2674251,35.62266499
3102735,천상중학교,범서읍,129.2219677,35.56214734
3102748,텃걸마을입구,상북면,129.0750889,35.59730235
3102751,양등마을,상북면,129.0765409,35.60050142
3102755,경남아너스빌,언양읍,129.1249372,35.57147125
3102758,언양읍성북문,언양읍,129.1224114,35.57023283
3102779,삼남중학교,삼남읍,129.0970734,35.52375183
3102785,상천마을,삼남읍,129.1067332,35.51861911
3102787,진우훼미리아파트,상북면,129.0729001,35.61620511
3102789,삼진아파트,상북면,129.0738559,35.61812031
3102791,동호그린코아,상북면,129.0715877,35.61847075
3102792,동호그린코아,상북면,129.0715877,35.61847075
3102794,궁근정,상북면,129.0672323,35.61612275
3102802,부산은행,삼남읍,129.1187502,35.55770574
3102803,부산은행,삼남읍,129.1187502,35.55770574
3102810,화정마을입구,청량읍,129.2929158,35.48752977
3102817,해연사,서생면,129.3445077,35.35656639
3102818,은진빌라,삼남읍,129.0819346,35.50855854
3102827,자연장지,삼동면,129.1362853,35.46982584
3102828,자연장지,삼동면,129.1362853,35.46982584
3102842,웅촌목욕탕,웅촌면,129.2052318,35.46222267
3102843,웅촌목욕탕,웅촌면,129.2052318,35.46222267
3102844,웅촌면행정복지센터,웅촌면,129.2089742,35.46182038
3102845,웅촌면행정복지센터,웅촌면,129.2089742,35.46182038
3102851,동문굿모닝힐,범서읍,129.2510089,35.54893788
3102852,서생농협,서생면,129.3232945,35.34812072
3102853,서생농협,서생면,129.3232945,35.34812072
3102859,검단마을,웅촌면,129.1846352,35.45622239
3102860,온양하나로마트,온양읍,129.2912792,35.40883678
3102863,보광사,삼남읍,129.0833804,35.50853774
3102867,팰리스원,삼남읍,129.0801842,35.50873122
3102887,산현,삼동면,129.1781311,35.48924485
3102891,서울산보람병원,삼남읍,129.1209842,35.55928466
3102892,서울산보람병원,삼남읍,129.1209842,35.55928466
3102894,울산산업고등학교,삼남읍,129.1176664,35.55374855
3102906,당고개,웅촌면,129.1974122,35.50782323
3102910,서리,웅촌면,129.1646061,35.46439881
3102926,오리밭들길,상북면,129.0782142,35.55704336
3102966,울산축산회관,언양읍,129.1176028,35.56607663
3102967,울산축산회관,언양읍,129.1176028,35.56607663
3102969,가정마을,두서면,129.1940375,35.69401313
3102980,웅촌면사무소,웅촌면,129.2067462,35.46155212
3103021,문수산더샵후문,범서읍,129.251909,35.55006455
3103022,문수산더샵후문,범서읍,129.251909,35.55006455
3103029,삼정초등학교,청량읍,129.2329554,35.49206878
3103032,작천교,삼남읍,129.1082896,35.5485267
3103033,작천교,삼남읍,129.1082896,35.5485267
3103037,철구소,상북면,129.0126091,35.54649831
3103042,울산암각화박물관,두동면,129.1700888,35.60858511
3103065,문화촌입구,두동면,129.2276633,35.67045473
3103066,문화촌입구,두동면,129.2276633,35.67045473
3103084,신불산온천,상북면,129.0766128,35.5548089
3103106,천상청구그린타운,범서읍,129.2218507,35.56379958
3103107,천상청구그린타운,범서읍,129.2218507,35.56379958
3103150,이손요양병원,삼남읍,129.0911025,35.50624511
3103181,와지공단,웅촌면,129.1647276,35.44011976
3103183,반계,웅촌면,129.1601686,35.44958452
3103185,반계입구,웅촌면,129.1628059,35.44823845
3103203,두서면행정복지센터,두서면,129.1604017,35.64561249
3103204,뒷농골,범서읍,129.263811,35.62658294
3103205,뒷농골,범서읍,129.263811,35.62658294
3103208,23-6번지,삼남읍,129.0825252,35.50958869
3103213,해븐빌리지6차,온산읍,129.3085882,35.42631667
3103214,무궁화아파트,온산읍,129.3119323,35.42759138
3103215,해븐빌리지6차,온산읍,129.3085882,35.42631667
3103217,크로바강변빌라,온산읍,129.3064217,35.42761189
3103237,마산입구,삼남읍,129.1098157,35.53978575
3103238,마산입구,삼남읍,129.1098157,35.53978575
3103239,삼남읍행정복지센터,삼남읍,129.1074104,35.54162903
3103240,삼남읍행정복지센터,삼남읍,129.1074104,35.54162903
3103241,영남알프스타운,삼남읍,129.1071686,35.54367048
3103242,영남알프스타운,삼남읍,129.1071686,35.54367048
3103244,향교마을,삼남읍,129.1149897,35.55690588
3103253,신일반산업단지입구,온산읍,129.3389131,35.46184357
3103255,덕신소공원,온산읍,129.311559,35.43355082
3103262,문수산더샵정문,범서읍,129.2517231,35.55134517
3103263,문수산더샵정문,범서읍,129.2517231,35.55134517
3103264,장검중학교,범서읍,129.2533972,35.55426127
3103265,장검중학교,범서읍,129.2533972,35.55426127
3103270,복합웰컴센터,상북면,129.0697315,35.55540854
3103275,연산게이트볼장,서생면,129.296599,35.34530827
3103278,연산게이트볼장,서생면,129.296599,35.34530827
3103280,울주보건소,삼남읍,129.113487,35.55835256
3103285,약불암,범서읍,129.2582205,35.63058501
3103286,약불암,범서읍,129.2582205,35.63058501
3103322,음지,두서면,129.1633626,35.70318871
3103343,신화마을,언양읍,129.3412858,35.52405313
3103344,관정마을,언양읍,129.1312068,35.58842153
3103418,내리정마을,상북면,129.0207325,35.56074345
3103419,내리정마을,상북면,129.0207325,35.56074345
3103437,외와,두서면,129.1153048,35.70069212
3103457,중하차리,두서면,129.124461,35.63557191
3103470,해연사,서생면,129.3445077,35.35656639
3103474,구영리입구,범서읍,129.2327456,35.57145092
3103489,명봉마을,온산읍,129.3135457,35.43555144
3103492,LX하우시스,온양읍,129.2913745,35.45402477
3103493,LX하우시스,온양읍,129.2913745,35.45402477
3103495,처용삼거리,온산읍,129.333182,35.4671824
3103498,지후,온산읍,129.339739,35.46335212
3103499,지후,온산읍,129.339739,35.46335212
3103510,문수데시앙3단지,청량읍,129.2435563,35.52579159
3103513,영해노인회관,청량읍,129.2410527,35.52730935
3103514,영해노인회관,청량읍,129.2410527,35.52730935
3103533,망양마을,온양읍,129.2952364,35.44998621
3103534,망양마을,온양읍,129.2952364,35.44998621
3103539,천상고등학교,범서읍,129.2225636,35.5654009
3103584,동원아파트입구,온산읍,129.3047685,35.44102115
3103585,동원아파트입구,온산읍,129.3047685,35.44102115
3103594,외고산마을입구,온양읍,129.2750323,35.42886599
3103595,외고산마을입구,온양읍,129.2750323,35.42886599
3103598,웅촌초등학교,웅촌면,129.2084432,35.46462836
3103599,웅촌초등학교,웅촌면,129.2084432,35.46462836
3103600,고연국밥,웅촌면,129.17339,35.44556098
3103601,고연국밥,웅촌면,129.17339,35.44556098
3103602,지지마을허고개,범서읍,129.2207918,35.62595642
3103608,동광카,삼남읍,129.0884427,35.50462935
3103609,KCC산업단지입구,두서면,129.1952932,35.70345142
3103619,도성암,두서면,129.1953033,35.700663
3103623,이천마을입구,상북면,129.0135624,35.54379212
3103631,케이엠씨,웅촌면,129.1767584,35.43473814
3103632,케이엠씨,웅촌면,129.1767584,35.43473814
3103634,울주군청,청량읍,129.2432278,35.52178932
3103635,울주군청,청량읍,129.2432278,35.52178932
3103636,울주군청정문,청량읍,129.2423735,35.5233235
3103637,울주군청정문,청량읍,129.2423735,35.5233235
3103654,태종잿골,상북면,129.0831415,35.69321268
3103666,대곡박물관,두동면,129.1683385,35.61880551
3103670,복합웰컴센터,상북면,129.0697315,35.55540854
3103680,덕하한양수자인,청량읍,129.3017089,35.48900458
3103681,덕하한양수자인,청량읍,129.3017089,35.48900458
3103705,언삼교,삼남읍,129.1168876,35.56329876
3103706,언삼교,삼남읍,129.1168876,35.56329876
3103710,울산과학기술원,언양읍,129.1917766,35.57375317
3103711,우성스마트시티뷰,삼남읍,129.1280357,35.55913647
3103736,반천마을,언양읍,129.1786778,35.5533488
3103737,반천현대아파트,언양읍,129.1899969,35.55892478
3103738,반천마을,언양읍,129.1786778,35.5533488
3103771,반송교차로,언양읍,129.1817791,35.5510258
3103772,반송교차로,언양읍,129.1817791,35.5510258
3103775,경남아너스빌,언양읍,129.1249372,35.57147125
3103776,경남아너스빌,언양읍,129.1249372,35.57147125
3103792,금아드림팰리스,삼남읍,129.1399579,35.54689784
3103803,금아드림팰리스,삼남읍,129.1399579,35.54689784
3103818,웅촌LH아파트,웅촌면,129.1926517,35.45757811
3103828,영축사지,청량읍,129.2339158,35.53001554
3103840,안영축종점,청량읍,129.2266789,35.52935744
3103844,양우내안애,언양읍,129.1224842,35.58056586
3103854,온남초등학교,온양읍,129.2895696,35.40544592
3103856,덕신대교,온산읍,129.3058167,35.4289656
3103862,울주군국민체육센터,범서읍,129.2433691,35.57491102
3103876,시장입구,언양읍,129.1264175,35.5644603
3103890,온양이편한세상,온양읍,129.2970985,35.45311573
3103891,온양이편한세상,온양읍,129.2970985,35.45311573
3103897,동문디이스트,삼남읍,129.1318246,35.557922
3103898,우성스마트시티뷰,삼남읍,129.1280357,35.55913647
3103899,동문디이스트,삼남읍,129.1318246,35.557922
3103907,처용고가교,온산읍,129.3349276,35.46968936
3103931,양우내안애,언양읍,129.1224842,35.58056586
3103942,언양임시시외터미널,언양읍,129.1300562,35.56245772
3103943,언양임시시외터미널,언양읍,129.1300562,35.56245772
3103949,신일해피트리,청량읍,129.3027348,35.48753258
3103950,신일해피트리,청량읍,129.3027348,35.48753258
3103951,덕하공영차고지,청량읍,129.3104881,35.47550957
3103952,덕하공영차고지,청량읍,129.3104881,35.47550957
3103953,덕하공영차고지,청량읍,129.3104881,35.47550957
3103974,중리마을,두서면,129.1383561,35.62209802
3103975,송정,두동면,129.1485111,35.61636069
3103996,청송마을회관,청량읍,129.2319786,35.51804031
3103998,담안마을,청량읍,129.2330566,35.51758762
3104019,무림피앤피사원주택,온산읍,129.3117936,35.42560105
3104031,인정뜰,삼동면,129.1380923,35.47514228
3104036,울산전시컨벤션센터(UECO),삼남읍,129.1319779,35.55663693
3104037,울산전시컨벤션센터(UECO),삼남읍,129.1319779,35.55663693
3104048,하늘공원,삼동면,129.1359094,35.46973569
3104049,들꽃학습원,범서읍,129.2692573,35.59094474
3104050,암각화입구주차장,두동면,129.158179,35.61225946
3104081,남창역,온양읍,129.2819603,35.41903926
3104090,덕하역,청량읍,129.3034766,35.49358135
3104100,소슬채아파트앞,삼남읍,129.1135041,35.55284988
3104112,대안현대아파트앞,온양읍,129.284874,35.41207608
3104117,서생역앞,서생면,129.2931252,35.34462543
3104118,서생역앞,서생면,129.2931252,35.34462543
3104126,청조공원,삼남읍,129.112271,35.55350962
3104127,청조공원,삼남읍,129.112271,35.55350962
3104132,마산1길입구,삼남읍,129.1186054,35.53841088
3104134,양우내안애,언양읍,129.1224842,35.58056586
3104160,신흥마을회관,언양읍,129.1337543,35.57495122
3104165,태기마을,언양읍,129.1460852,35.59157811
3104174,내광종점,온양읍,129.2092969,35.42836959
3104177,내광가림지,온양읍,129.2127586,35.43130303
3104178,내광가림지,온양읍,129.2127586,35.43130303
3104190,벌방,온양읍,129.2270537,35.43877797
3104193,외광마을,온양읍,129.241608,35.43702622
3104208,소야정교,상북면,129.059521,35.61688275
3104209,소야정교,상북면,129.059521,35.61688275
3104210,마근마을회관,서생면,129.2796668,35.37728566
3104220,나슬공원,청량읍,129.3039071,35.4845065
3104221,나슬공원,청량읍,129.3039071,35.4845065
3104222,뉴시티에일린의뜰,청량읍,129.3024261,35.48250737
3104223,뉴시티에일린의뜰,청량읍,129.3024261,35.48250737
3104224,뉴시티에일린의뜰2단지,청량읍,129.3031117,35.48142003
3104225,뉴시티에일린의뜰2단지,청량읍,129.3031117,35.48142003
3104226,뉴시티에일린의뜰1단지,청량읍,129.3007415,35.48273099
3104233,진하공영주차장,서생면,129.3412263,35.38204153
3104234,진하공영주차장,서생면,129.3412263,35.38204153
3104247,해돋이경로당,서생면,129.3474351,35.35367674
3104250,바다펜션앞,서생면,129.3486342,35.35434726
3104254,평동방파제입구,서생면,129.3544323,35.35535398
3104258,울산기후위기대응교육센터,서생면,129.3574054,35.3590625
3104259,대송마을회관,서생면,129.3556332,35.36091049
3104260,대송마을회관,서생면,129.3556332,35.36091049
3104263,나사마을,서생면,129.3396783,35.35727581
3104278,청량중학교정문,청량읍,129.3036838,35.48843521
3104279,청량중학교정문,청량읍,129.3036838,35.48843521
3104285,송전1구경로당,청량읍,129.306899,35.48750422
3104295,망양역,온양읍,129.2890304,35.45490226
3104300,진하해수욕장,서생면,129.3439129,35.38467688
3104301,구영회차지(기점),범서읍,129.2513738,35.56378666
3104303,무거초등학교,범서읍,129.2542141,35.55290465
3104308,서사시티프라디움,범서읍,129.2746898,35.59314928
3104311,남천교사거리,언양읍,129.1212941,35.56398861
4700332,궁근정,상북면,129.0672323,35.61612275
4700595,신기,상북면,129.0707487,35.61395824
4800106,공암,삼남읍,129.1024332,35.53035442
4800107,공암,삼남읍,129.1024332,35.53035442
4800266,남천교,언양읍,129.1225718,35.56336227
4800267,남천교,언양읍,129.1225718,35.56336227
4800328,메가마트,삼남읍,129.1152159,35.54771107
4800329,메가마트,삼남읍,129.1152159,35.54771107
4800421,대원그린아파트,삼남읍,129.1048862,35.5326126
4800422,대원그린아파트,삼남읍,129.1048862,35.5326126
4800423,벌장,삼남읍,129.1141635,35.54598488
4800424,벌장,삼남읍,129.1141635,35.54598488
4800612,울산산업고등학교,삼남읍,129.1176664,35.55374855
4800698,방기초등학교,삼남읍,129.0921933,35.50698788
4800699,방기초등학교,삼남읍,129.0921933,35.50698788
4800863,중남초등학교,삼남읍,129.1083714,35.53717259
4800864,삼남중학교,삼남읍,129.0970734,35.52375183
4800869,삼성SDI,삼남읍,129.0954566,35.51196848
4800895,삼성SDI,삼남읍,129.0954566,35.51196848
4800936,상평마을,삼남읍,129.1216396,35.56215979
4801053,신흥마을입구,삼남읍,129.088798,35.50067941
4801228,신안입구,삼남읍,129.0993844,35.52549975
4801436,언양고등학교,언양읍,129.1326016,35.56105119
4801437,서울산보람병원,삼남읍,129.1209842,35.55928466
4801438,서울산보람병원,삼남읍,129.1209842,35.55928466
4801441,언양자동차학원,언양읍,129.1405209,35.55631399
4801464,영해마을,청량읍,129.2448777,35.52555348
4801465,영해마을,청량읍,129.2448777,35.52555348
4801522,울산산업고등학교,삼남읍,129.1176664,35.55374855
4801558,웅촌,웅촌면,129.2086445,35.46422266
4801559,웅촌,웅촌면,129.2086445,35.46422266
4801632,작천정입구,삼남읍,129.1164788,35.55034523
4801633,작천정입구,삼남읍,129.1164788,35.55034523
4801702,중대마을,웅촌면,129.1973961,35.4445001
4801703,중대마을,웅촌면,129.1973961,35.4445001
4801717,지내,삼남읍,129.0958887,35.51852028
4801718,지내,삼남읍,129.0958887,35.51852028
4820897,가천,삼남읍,129.0957649,35.52272313
4821006,대복입구울산예고,웅촌면,129.217036,35.48410884
4821007,대복입구울산예고,웅촌면,129.217036,35.48410884
4821031,중남초등학교,삼남읍,129.1083714,35.53717259
4821032,마산입구,삼남읍,129.1098157,35.53978575
4821064,방기,삼남읍,129.0903704,35.50563454
4821065,방기,삼남읍,129.0903704,35.50563454
4821804,울주군청,청량읍,129.2432278,35.52178932
4821805,울주군청,청량읍,129.2432278,35.52178932
4821872,언양임시시외터미널앞,언양읍,129.130319,35.56260369
4821873,언양임시시외터미널앞,언양읍,129.130319,35.56260369
4821894,마산입구,삼남읍,129.1098157,35.53978575
4822020,울주도서관,언양읍,129.1372683,35.55805256
8053836,삼성SDI,삼남읍,129.0954566,35.51196848
8053837,삼성SDI,삼남읍,129.0954566,35.51196848
8053838,작천정,삼남읍,129.1024918,35.55072899
8053839,작천정,삼남읍,129.1024918,35.55072899
