opr_ymd,ctpv_cd,sgg_cd,rte_id,rte_no,rte_nm,dptre_sttn_id,dptre_sttn_nm,arvl_sttn_id,arvl_sttn_nm
20260407,31,31000,31065033,울주03-3(65033),작천정다목적광장-후리,3103823,작천정다목적광장,3101824,후리
20260407,31,31000,31001182,118-2,우정동행정복지센-꽃바위,3100074,우정동행정복지센터입구,3100440,꽃바위
20260407,31,31000,31003182,318-2,성안고가하부도로-삼남신화,3103485,성안고가하부도로,3102590,삼남신화
20260407,31,31000,31003581,358-1,성안고가하부도로-삼남신화,3103485,성안고가하부도로,3102590,삼남신화
20260407,31,31000,31000512,51-2,서희스타힐스아파-우주아파트,3103838,서희스타힐스아파트,3102503,우주아파트
20260407,31,31000,31064522,울주52-2(65522),서희스타힐스아파-우주아파트,3103838,서희스타힐스아파트,3102503,우주아파트
20260407,31,31000,31065522,울주52-2,서희스타힐스아파-우주아파트,3103838,서희스타힐스아파트,3102503,우주아파트
20260407,31,31000,31000522,52-2,서희스타힐스아파-온남초등학교,3103838,서희스타힐스아파트,3103858,온남초등학교
20260407,31,31000,31064532,울주53-2(65532),서희스타힐스아파-온남초등학교,3103838,서희스타힐스아파트,3103858,온남초등학교
20260407,31,31000,31065532,울주53-2,서희스타힐스아파-온남초등학교,3103838,서희스타힐스아파트,3103858,온남초등학교
20260407,31,31000,31000603,60-3,하북면행정복지센-상방마을종점,3102303,하북면행정복지센터우체국,3102833,상방마을종점
20260407,31,31000,31064613,울주61-3(65613),하북면행정복지센-상방마을종점,3102303,하북면행정복지센터우체국,3102833,상방마을종점
20260407,31,31000,31065613,울주61-3,하북면행정복지센-상방마을종점,3102303,하북면행정복지센터우체국,3102833,상방마을종점
20260407,31,31000,31009101,910-1,농수산물종합유통-현대백화점정문,3100018,농수산물종합유통센터정문,3100515,현대백화점정문
20260407,31,31000,31009161,916-1,농수산물종합유통-현대백화점정문,3100018,농수산물종합유통센터정문,3100515,현대백화점정문
20260407,31,31000,31061011,중구01-1(61011),농수산물종합유통-현대백화점정문,3100018,농수산물종합유통센터정문,3100515,현대백화점정문
20260407,31,31000,31061041,중구04-1(61041),농수산물종합유통-현대백화점정문,3100018,농수산물종합유통센터정문,3100515,현대백화점정문
20260407,31,31000,31002131,213-1,서사시티프라디움-농소공영차고지,3104308,서사시티프라디움,3102798,농소공영차고지
20260407,31,31000,31000521,52-1,서희스타힐스아파-온산중고등학교,3103838,서희스타힐스아파트,3102507,온산중고등학교
20260407,31,31000,31064531,울주53-1(65531),서희스타힐스아파-온산중고등학교,3103838,서희스타힐스아파트,3102507,온산중고등학교
20260407,31,31000,31065531,울주53-1,서희스타힐스아파-온산중고등학교,3103838,서희스타힐스아파트,3102507,온산중고등학교
20260407,31,31000,31002162,216-2,용연한국가스공사-농소공영차고지,3102538,용연한국가스공사,3101031,농소공영차고지
20260407,31,31000,31009531,953-1,작천정다목적광장-자수정동굴나라,3103823,작천정다목적광장,3104023,자수정동굴나라
20260407,31,31000,31009201,920-1,한라훼미리아파트-현대백화점정문,3102108,한라훼미리아파트,3100515,현대백화점정문
20260407,31,31000,31009100,910,농수산물종합유통-농수산물종합유통,3100018,농수산물종합유통센터정문,3100019,농수산물종합유통센터정문
20260407,31,31000,31009160,916,농수산물종합유통-농수산물종합유통,3100018,농수산물종합유통센터정문,3100019,농수산물종합유통센터정문
20260407,31,31000,31061010,중구01(61010),농수산물종합유통-농수산물종합유통,3100018,농수산물종합유통센터정문,3100019,농수산물종합유통센터정문
20260407,31,31000,31061040,중구04(61040),농수산물종합유통-농수산물종합유통,3100018,농수산물종합유통센터정문,3100019,농수산물종합유통센터정문
20260407,31,31000,31000790,울주09,두동면행정복지센-두동면행정복지센,3101676,두동면행정복지센터,3101702,두동면행정복지센터
20260407,31,31000,31000791,79-1,두동면행정복지센-두동면행정복지센,3101676,두동면행정복지센터,3101702,두동면행정복지센터
20260407,31,31000,31064890,울주89(65890),두동면행정복지센-두동면행정복지센,3101676,두동면행정복지센터,3101702,두동면행정복지센터
20260407,31,31000,31065890,울주89,두동면행정복지센-두동면행정복지센,3101676,두동면행정복지센터,3101702,두동면행정복지센터
20260407,31,31000,31000520,52,서희스타힐스아파-서희스타힐스아파,3103838,서희스타힐스아파트,3103839,서희스타힐스아파트
20260407,31,31000,31064530,울주53(65530),서희스타힐스아파-서희스타힐스아파,3103838,서희스타힐스아파트,3103839,서희스타힐스아파트
20260407,31,31000,31065530,울주53,서희스타힐스아파-서희스타힐스아파,3103838,서희스타힐스아파트,3103839,서희스타힐스아파트
20260407,31,31000,31009230,923,선암호수노인복지-선암호수노인복지,3104129,선암호수노인복지관,3104128,선암호수노인복지관
20260407,31,31000,31009760,976,선암호수노인복지-선암호수노인복지,3103092,선암호수노인복지관,3103091,선암호수노인복지관
20260407,31,31000,31062030,남구03(62030),선암호수노인복지-선암호수노인복지,3104129,선암호수노인복지관,3104128,선암호수노인복지관
20260407,31,31000,31062110,남구11(62110),선암호수노인복지-선암호수노인복지,3103092,선암호수노인복지관,3103091,선암호수노인복지관
20260407,31,31000,31062150,남구15(62150),선암호수노인복지-선암호수노인복지,3104129,선암호수노인복지관,3104128,선암호수노인복지관
20260407,31,31000,31003730,373,센트레빌더테라스-센트레빌더테라스,3104098,센트레빌더테라스,3104098,센트레빌더테라스
20260407,31,31000,31003731,373-1,센트레빌더테라스-센트레빌더테라스,3104098,센트레빌더테라스,3104098,센트레빌더테라스
20260407,31,31000,31065010,울주01(65010),쌍용하나빌리지종-쌍용하나빌리지종,3101042,쌍용하나빌리지종점,3101042,쌍용하나빌리지종점
20260407,31,31000,31003044,304-4,언양임시시외버스-언양임시시외버스,3101886,언양임시시외버스터미널앞,3101854,언양임시시외버스터미널앞
20260407,31,31000,31000005,울주05,언양임시시외터미-언양임시시외터미,3103943,언양임시시외터미널,3103942,언양임시시외터미널
20260407,31,31000,31000008,75-2,언양임시시외터미-언양임시시외터미,3103943,언양임시시외터미널,3103942,언양임시시외터미널
20260407,31,31000,31000780,울주08차리행,언양임시시외터미-언양임시시외터미,3103943,언양임시시외터미널,3103942,언양임시시외터미널
20260407,31,31000,31000781,울주08다개행,언양임시시외터미-언양임시시외터미,3103943,언양임시시외터미널,3103942,언양임시시외터미널
20260407,31,31000,31064850,울주85(65850),언양임시시외터미-언양임시시외터미,3103943,언양임시시외터미널,3103942,언양임시시외터미널
20260407,31,31000,31064880,울주88(65880),언양임시시외터미-언양임시시외터미,3103943,언양임시시외터미널,3103942,언양임시시외터미널
20260407,31,31000,31065850,울주85,언양임시시외터미-언양임시시외터미,3103943,언양임시시외터미널,3103942,언양임시시외터미널
20260407,31,31000,31065880,울주88,언양임시시외터미-언양임시시외터미,3103943,언양임시시외터미널,3103942,언양임시시외터미널
20260407,31,31000,31017030,1703,우성스마트시티뷰-우성스마트시티뷰,3103898,우성스마트시티뷰,3103711,우성스마트시티뷰
20260407,31,31000,31000003,울주03,울산과학기술원후-울산과학기술원후,3103525,울산과학기술원후문,3103521,울산과학기술원후문
20260407,31,31000,31000004,울주03-1,울산과학기술원후-울산과학기술원후,3103525,울산과학기술원후문,3103521,울산과학기술원후문
20260407,31,31000,31064830,울주83(65830),울산과학기술원후-울산과학기술원후,3103525,울산과학기술원후문,3103521,울산과학기술원후문
20260407,31,31000,31064831,울주83-1(65831),울산과학기술원후-울산과학기술원후,3103525,울산과학기술원후문,3103521,울산과학기술원후문
20260407,31,31000,31007071,707-1,울산대공원정문로-울산대공원정문로,3103920,울산대공원정문로터리,3103920,울산대공원정문로터리
20260407,31,31000,31009181,918-1,울산대공원정문로-울산대공원정문로,3103920,울산대공원정문로터리,3103920,울산대공원정문로터리
20260407,31,31000,31064640,울주64(65640),울주종합체육센터-울주종합체육센터,3104326,울주종합체육센터,3104327,울주종합체육센터
20260407,31,31000,31000770,울주07,웅촌면행정복지센-웅촌면행정복지센,3102845,웅촌면행정복지센터,3102844,웅촌면행정복지센터
20260407,31,31000,31000771,77-1,웅촌면행정복지센-웅촌면행정복지센,3102845,웅촌면행정복지센터,3102844,웅촌면행정복지센터
20260407,31,31000,31064870,울주87(65870),웅촌면행정복지센-웅촌면행정복지센,3102845,웅촌면행정복지센터,3102844,웅촌면행정복지센터
20260407,31,31000,31065870,울주87,웅촌면행정복지센-웅촌면행정복지센,3102845,웅촌면행정복지센터,3102844,웅촌면행정복지센터
20260407,31,31000,31009530,953,작천정다목적광장-작천정다목적광장,3103823,작천정다목적광장,3103820,작천정다목적광장
20260407,31,31000,31000600,60,하북면행정복지센-하북면행정복지센,3102303,하북면행정복지센터우체국,3102302,하북면행정복지센터우체국
20260407,31,31000,31000602,60-2,하북면행정복지센-하북면행정복지센,3102303,하북면행정복지센터우체국,3102302,하북면행정복지센터우체국
20260407,31,31000,31064610,울주61(65610),하북면행정복지센-하북면행정복지센,3102303,하북면행정복지센터우체국,3102302,하북면행정복지센터우체국
20260407,31,31000,31064612,울주61-2(65612),하북면행정복지센-하북면행정복지센,3102303,하북면행정복지센터우체국,3102302,하북면행정복지센터우체국
20260407,31,31000,31065610,울주61,하북면행정복지센-하북면행정복지센,3102303,하북면행정복지센터우체국,3102302,하북면행정복지센터우체국
20260407,31,31000,31065612,울주61-2,하북면행정복지센-하북면행정복지센,3102303,하북면행정복지센터우체국,3102302,하북면행정복지센터우체국
20260407,31,31000,31009200,920,한라훼미리아파트-한라훼미리아파트,3102108,한라훼미리아파트,3102117,한라훼미리아파트
20260407,31,31000,31007151,715-1,화산보건진료소(-고리스포츠문화센,3104119,화산보건진료소(종점),3103478,고리스포츠문화센터
20260407,31,31000,31008024,802-4,농소공영차고지-봉계,3101005,농소공영차고지,3101656,봉계
20260407,31,31000,31004222,422-2,농소공영차고지-율리,3101005,농소공영차고지,3100596,율리
20260407,31,31000,31004821,482-1,농소공영차고지-율리,3102798,농소공영차고지,3100596,율리
20260407,31,31000,31004921,492-1,농소공영차고지-율리,3102798,농소공영차고지,3100596,율리
20260407,31,31000,31004423,442-3,덕하공영차고지-매곡,3103952,덕하공영차고지,3102662,매곡
20260407,31,31000,31005043,504-3,덕하공영차고지-율리,3103952,덕하공영차고지,3100596,율리
20260407,31,31000,31009556,955-6,덕하공영차고지-율리,3103952,덕하공영차고지,3100596,율리
20260407,31,31000,31005045,504-5,동원아파트입구-율리,3103585,동원아파트입구,3100596,율리
20260407,31,31000,31002263,226-3,농소공영차고지-장생포,3101005,농소공영차고지,3100560,장생포
20260407,31,31000,31002361,236-1,농소공영차고지-장생포,3101005,농소공영차고지,3100560,장생포
20260407,31,31000,31002463,246-3,농소공영차고지-장생포,3101005,농소공영차고지,3100560,장생포
20260407,31,31000,31002561,256-1,농소공영차고지-장생포,3101005,농소공영차고지,3100560,장생포
20260407,31,31000,31009581,958-1,덕하공영차고지-남창역,3103952,덕하공영차고지,3104081,남창역
20260407,31,31000,31004261,426-1,덕하공영차고지-변전소,3103952,덕하공영차고지,3101375,변전소
20260407,31,31000,31005185,518-5,덕하공영차고지-성남동,3103952,덕하공영차고지,3101525,성남동
20260407,31,31000,31001081,108-1,성안청구아파트-꽃바위,3100743,성안청구아파트,3100439,꽃바위
20260407,31,31000,31007052,705-2,남부노인복지관-태화강역,3100693,남부노인복지관,3104108,태화강역
20260407,31,31000,31002461,246-1,농소공영차고지-울산신항,3101005,농소공영차고지,3103940,울산신항
20260407,31,31000,31002661,266-1,농소공영차고지-울산신항,3101005,농소공영차고지,3103940,울산신항
20260407,31,31000,31005271,527-1,덕하공영차고지-태화강역,3103952,덕하공영차고지,3104108,태화강역
20260407,31,31000,31005273,527-3,덕하공영차고지-태화강역,3103952,덕하공영차고지,3104094,태화강역
20260407,31,31000,31005276,527-6,덕하공영차고지-태화강역,3103952,덕하공영차고지,3104094,태화강역
20260407,31,31000,31005277,527-7,덕하공영차고지-태화강역,3103952,덕하공영차고지,3100586,태화강역
20260407,31,31000,31005371,537-1,덕하공영차고지-태화강역,3103951,덕하공영차고지,3104108,태화강역
20260407,31,31000,31008081,808-1,덕하공영차고지-태화강역,3103952,덕하공영차고지,3104108,태화강역
20260407,31,31000,31009482,948-2,오토밸리줌파크-북울산역,3103465,오토밸리줌파크,3104089,북울산역
20260407,31,31000,31009952,995-2,오토밸리줌파크-북울산역,3103465,오토밸리줌파크,3104089,북울산역
20260407,31,31000,31064082,북구08-2(64082),오토밸리줌파크-북울산역,3103465,오토밸리줌파크,3104089,북울산역
20260407,31,31000,31064112,북구11-2(64112),오토밸리줌파크-북울산역,3103465,오토밸리줌파크,3104089,북울산역
20260407,31,31000,31000101,10-1,우정선경아파트-풍암마을,3101332,우정선경아파트,3103677,풍암마을
20260407,31,31000,31009411,941-1,천곡우방아파트-북울산역,3100852,천곡우방아파트,3104089,북울산역
20260407,31,31000,31064021,북구02-1(64021),천곡우방아파트-북울산역,3100852,천곡우방아파트,3104089,북울산역
20260407,31,31000,31009262,926-2,현대백화점정문-개운포역,3100515,현대백화점정문,3104055,개운포역
20260407,31,31000,31062062,남구06-2(62062),현대백화점정문-개운포역,3100515,현대백화점정문,3104055,개운포역
20260407,31,31000,31002032,203-2,농소공영차고지-들꽃학습원,3101005,농소공영차고지,3101779,들꽃학습원
20260407,31,31000,31005431,543-1,덕하공영차고지-양우내안애,3103952,덕하공영차고지,3103844,양우내안애
20260407,31,31000,31008571,857-1,덕하공영차고지-양우내안애,3103952,덕하공영차고지,3103844,양우내안애
20260407,31,31000,31005142,514-2,덕하공영차고지-장검중학교,3103952,덕하공영차고지,3103265,장검중학교
20260407,31,31000,31007542,754-2,덕하공영차고지-장검중학교,3103952,덕하공영차고지,3103265,장검중학교
20260407,31,31000,31000131,13-1,함월구민운동장-번영로입구,3103507,함월구민운동장,3102387,번영로입구
20260407,31,31000,31061541,중구54-1(61541),함월구민운동장-번영로입구,3103507,함월구민운동장,3102387,번영로입구
20260407,31,31000,31009471,947-1,농소공영차고지-평창리비에르,3101005,농소공영차고지,3103011,평창리비에르
20260407,31,31000,31064071,북구07-1(64071),농소공영차고지-평창리비에르,3101005,농소공영차고지,3103011,평창리비에르
20260407,31,31000,31065081,울주08-1(65081),덕하공영차고지-무궁화아파트,3103952,덕하공영차고지,3103220,무궁화아파트
20260407,31,31000,31009561,956-1,망양이편한세상-남창고등학교,3103890,온양이편한세상,3103901,남창고등학교
20260407,31,31000,31065061,울주06-1(65061),온양이편한세상-남창고등학교,3103890,온양이편한세상,3103901,남창고등학교
20260407,31,31000,31061512,중구51-2(61512),우정선경아파트-성동마을회관,3101332,우정선경아파트,3103361,성동마을회관
20260407,31,31000,31009560,956,남부노인복지관-남부노인복지관,3100693,남부노인복지관,3100730,남부노인복지관
20260407,31,31000,31065060,울주06(65060),남부노인복지관-남부노인복지관,3100693,남부노인복지관,3100730,남부노인복지관
20260407,31,31000,31009562,956-2,남부노인복지관-망양이편한세상,3100693,남부노인복지관,3103891,온양이편한세상
20260407,31,31000,31065062,울주06-2(65062),남부노인복지관-온양이편한세상,3100693,남부노인복지관,3103891,온양이편한세상
20260407,31,31000,31002030,203,농소공영차고지-농소공영차고지,3101005,농소공영차고지,3102798,농소공영차고지
20260407,31,31000,31002050,205,농소공영차고지-농소공영차고지,3101005,농소공영차고지,3102798,농소공영차고지
20260407,31,31000,31002051,205-1,농소공영차고지-농소공영차고지,3101005,농소공영차고지,3102798,농소공영차고지
20260407,31,31000,31002053,205-3,농소공영차고지-농소공영차고지,3101005,농소공영차고지,3102798,농소공영차고지
20260407,31,31000,31002060,206,농소공영차고지-농소공영차고지,3102798,농소공영차고지,3101005,농소공영차고지
20260407,31,31000,31002130,213,농소공영차고지-농소공영차고지,3101005,농소공영차고지,3102798,농소공영차고지
20260407,31,31000,31002150,215,농소공영차고지-농소공영차고지,3101005,농소공영차고지,3102798,농소공영차고지
20260407,31,31000,31002160,216,농소공영차고지-농소공영차고지,3101005,농소공영차고지,3101031,농소공영차고지
20260407,31,31000,31002170,217,농소공영차고지-농소공영차고지,3102798,농소공영차고지,3101005,농소공영차고지
20260407,31,31000,31002190,219,농소공영차고지-농소공영차고지,3101031,농소공영차고지,3102798,농소공영차고지
20260407,31,31000,31002250,225,농소공영차고지-농소공영차고지,3101005,농소공영차고지,3102798,농소공영차고지
20260407,31,31000,31002251,225-1,농소공영차고지-농소공영차고지,3101005,농소공영차고지,3102798,농소공영차고지
20260407,31,31000,31002260,226,농소공영차고지-농소공영차고지,3101005,농소공영차고지,3102798,농소공영차고지
20260407,31,31000,31002262,226-2,농소공영차고지-농소공영차고지,3101005,농소공영차고지,3102798,농소공영차고지
20260407,31,31000,31002265,226-5,농소공영차고지-농소공영차고지,3101005,농소공영차고지,3102798,농소공영차고지
20260407,31,31000,31002330,233,농소공영차고지-농소공영차고지,3101005,농소공영차고지,3102798,농소공영차고지
20260407,31,31000,31002350,235,농소공영차고지-농소공영차고지,3101005,농소공영차고지,3102798,농소공영차고지
20260407,31,31000,31002351,235-1,농소공영차고지-농소공영차고지,3101005,농소공영차고지,3102798,농소공영차고지
20260407,31,31000,31002360,236,농소공영차고지-농소공영차고지,3101005,농소공영차고지,3102798,농소공영차고지
20260407,31,31000,31002460,246,농소공영차고지-농소공영차고지,3101005,농소공영차고지,3102798,농소공영차고지
20260407,31,31000,31002560,256,농소공영차고지-농소공영차고지,3101005,농소공영차고지,3102798,농소공영차고지
20260407,31,31000,31002570,257,농소공영차고지-농소공영차고지,3102798,농소공영차고지,3101005,농소공영차고지
20260407,31,31000,31002660,266,농소공영차고지-농소공영차고지,3101005,농소공영차고지,3102798,농소공영차고지
20260407,31,31000,31008021,802-1,농소공영차고지-농소공영차고지,3101005,농소공영차고지,3102798,농소공영차고지
20260407,31,31000,31009400,940,농소공영차고지-농소공영차고지,3102798,농소공영차고지,3101005,농소공영차고지
20260407,31,31000,31009401,940-1,농소공영차고지-농소공영차고지,3102798,농소공영차고지,3101005,농소공영차고지
20260407,31,31000,31009402,940-2,농소공영차고지-농소공영차고지,3102798,농소공영차고지,3101005,농소공영차고지
20260407,31,31000,31009403,940-3,농소공영차고지-농소공영차고지,3102798,농소공영차고지,3101005,농소공영차고지
20260407,31,31000,31009440,944,농소공영차고지-농소공영차고지,3102798,농소공영차고지,3101005,농소공영차고지
20260407,31,31000,31009441,944-1,농소공영차고지-농소공영차고지,3102798,농소공영차고지,3101005,농소공영차고지
20260407,31,31000,31009470,947,농소공영차고지-농소공영차고지,3101005,농소공영차고지,3102798,농소공영차고지
20260407,31,31000,31009490,949,농소공영차고지-농소공영차고지,3102798,농소공영차고지,3101005,농소공영차고지
20260407,31,31000,31009491,949-1,농소공영차고지-농소공영차고지,3102798,농소공영차고지,3101005,농소공영차고지
20260407,31,31000,31011270,1127,농소공영차고지-농소공영차고지,3101005,농소공영차고지,3102798,농소공영차고지
20260407,31,31000,31011271,1127-1,농소공영차고지-농소공영차고지,3101005,농소공영차고지,3102798,농소공영차고지
20260407,31,31000,31011470,1147,농소공영차고지-농소공영차고지,3101005,농소공영차고지,3102798,농소공영차고지
20260407,31,31000,31011471,1147-1,농소공영차고지-농소공영차고지,3101005,농소공영차고지,3102798,농소공영차고지
20260407,31,31000,31012140,1214,농소공영차고지-농소공영차고지,3101005,농소공영차고지,3102798,농소공영차고지
20260407,31,31000,31012141,1214-1,농소공영차고지-농소공영차고지,3101005,농소공영차고지,3102798,농소공영차고지
20260407,31,31000,31012142,1214-2,농소공영차고지-농소공영차고지,3101031,농소공영차고지,3101005,농소공영차고지
20260407,31,31000,31012240,1224,농소공영차고지-농소공영차고지,3101005,농소공영차고지,3102798,농소공영차고지
20260407,31,31000,31012340,1234,농소공영차고지-농소공영차고지,3101005,농소공영차고지,3102798,농소공영차고지
20260407,31,31000,31012341,1234-1,농소공영차고지-농소공영차고지,3101005,농소공영차고지,3102798,농소공영차고지
20260407,31,31000,31064010,북구01(64010),농소공영차고지-농소공영차고지,3102798,농소공영차고지,3101005,농소공영차고지
20260407,31,31000,31064011,북구01-1(64011),농소공영차고지-농소공영차고지,3102798,농소공영차고지,3101005,농소공영차고지
20260407,31,31000,31064012,북구01-2(64012),농소공영차고지-농소공영차고지,3102798,농소공영차고지,3101005,농소공영차고지
20260407,31,31000,31064040,북구04(64040),농소공영차고지-농소공영차고지,3102798,농소공영차고지,3101005,농소공영차고지
20260407,31,31000,31064070,북구07(64070),농소공영차고지-농소공영차고지,3101005,농소공영차고지,3102798,농소공영차고지
20260407,31,31000,31064090,북구09(64090),농소공영차고지-농소공영차고지,3102798,농소공영차고지,3101005,농소공영차고지
20260407,31,31000,31064091,북구09-1(64091),농소공영차고지-농소공영차고지,3102798,농소공영차고지,3101005,농소공영차고지
20260407,31,31000,31064120,북구12(64120),농소공영차고지-농소공영차고지,3101031,농소공영차고지,3101005,농소공영차고지
20260407,31,31000,31002052,205-2,농소공영차고지-덕하공영차고지,3101005,농소공영차고지,3103953,덕하공영차고지
20260407,31,31000,31002054,205-4,농소공영차고지-덕하공영차고지,3101005,농소공영차고지,3103953,덕하공영차고지
20260407,31,31000,31002062,206-2,농소공영차고지-덕하공영차고지,3102798,농소공영차고지,3103953,덕하공영차고지
20260407,31,31000,31002152,215-2,농소공영차고지-덕하공영차고지,3101005,농소공영차고지,3103953,덕하공영차고지
20260407,31,31000,31002331,233-1,농소공영차고지-울산과학기술원,3101005,농소공영차고지,3100046,울산과학기술원
20260407,31,31000,31002055,205-5,덕하공영차고지-농소공영차고지,3103952,덕하공영차고지,3102798,농소공영차고지
20260407,31,31000,31002061,206-1,덕하공영차고지-농소공영차고지,3103952,덕하공영차고지,3101005,농소공영차고지
20260407,31,31000,31002151,215-1,덕하공영차고지-농소공영차고지,3103952,덕하공영차고지,3102798,농소공영차고지
20260407,31,31000,31004260,426,덕하공영차고지-덕하공영차고지,3103952,덕하공영차고지,3103953,덕하공영차고지
20260407,31,31000,31005130,513,덕하공영차고지-덕하공영차고지,3103952,덕하공영차고지,3103953,덕하공영차고지
20260407,31,31000,31005140,514,덕하공영차고지-덕하공영차고지,3103952,덕하공영차고지,3103953,덕하공영차고지
20260407,31,31000,31005150,515,덕하공영차고지-덕하공영차고지,3103952,덕하공영차고지,3103952,덕하공영차고지
20260407,31,31000,31005180,518,덕하공영차고지-덕하공영차고지,3103952,덕하공영차고지,3103953,덕하공영차고지
20260407,31,31000,31005181,518-1,덕하공영차고지-덕하공영차고지,3103952,덕하공영차고지,3103953,덕하공영차고지
20260407,31,31000,31005182,518-2,덕하공영차고지-덕하공영차고지,3103952,덕하공영차고지,3103953,덕하공영차고지
20260407,31,31000,31005183,518-3,덕하공영차고지-덕하공영차고지,3103952,덕하공영차고지,3103953,덕하공영차고지
20260407,31,31000,31005184,518-4,덕하공영차고지-덕하공영차고지,3103952,덕하공영차고지,3103953,덕하공영차고지
20260407,31,31000,31005270,527,덕하공영차고지-덕하공영차고지,3103952,덕하공영차고지,3103953,덕하공영차고지
20260407,31,31000,31005272,527-2,덕하공영차고지-덕하공영차고지,3103952,덕하공영차고지,3103953,덕하공영차고지
20260407,31,31000,31005274,527-4,덕하공영차고지-덕하공영차고지,3103952,덕하공영차고지,3103953,덕하공영차고지
20260407,31,31000,31005278,527-8,덕하공영차고지-덕하공영차고지,3103952,덕하공영차고지,3103953,덕하공영차고지
20260407,31,31000,31005330,533,덕하공영차고지-덕하공영차고지,3103952,덕하공영차고지,3103953,덕하공영차고지
20260407,31,31000,31005331,533-1,덕하공영차고지-덕하공영차고지,3103952,덕하공영차고지,3103953,덕하공영차고지
20260407,31,31000,31005370,537,덕하공영차고지-덕하공영차고지,3103952,덕하공영차고지,3103953,덕하공영차고지
20260407,31,31000,31005430,543,덕하공영차고지-덕하공영차고지,3103952,덕하공영차고지,3103953,덕하공영차고지
20260407,31,31000,31007181,718-1,덕하공영차고지-덕하공영차고지,3103952,덕하공영차고지,3103953,덕하공영차고지
20260407,31,31000,31007330,733,덕하공영차고지-덕하공영차고지,3103952,덕하공영차고지,3103953,덕하공영차고지
20260407,31,31000,31008570,857,덕하공영차고지-덕하공영차고지,3103952,덕하공영차고지,3103953,덕하공영차고지
20260407,31,31000,31009580,958,덕하공영차고지-덕하공영차고지,3103952,덕하공영차고지,3103952,덕하공영차고지
20260407,31,31000,31065050,울주05(65050),덕하공영차고지-덕하공영차고지,3103952,덕하공영차고지,3103953,덕하공영차고지
20260407,31,31000,31065051,울주05-1(65051),덕하공영차고지-덕하공영차고지,3103952,덕하공영차고지,3103953,덕하공영차고지
20260407,31,31000,31065052,울주05-2(65052),덕하공영차고지-덕하공영차고지,3103952,덕하공영차고지,3103953,덕하공영차고지
20260407,31,31000,31065053,울주05-3(65053),덕하공영차고지-덕하공영차고지,3103952,덕하공영차고지,3103953,덕하공영차고지
20260407,31,31000,31065054,울주05-4(65054),덕하공영차고지-덕하공영차고지,3103952,덕하공영차고지,3103953,덕하공영차고지
20260407,31,31000,31065055,울주05-5(65055),덕하공영차고지-덕하공영차고지,3103952,덕하공영차고지,3103953,덕하공영차고지
20260407,31,31000,31065056,울주05-6(65056),덕하공영차고지-덕하공영차고지,3103952,덕하공영차고지,3103953,덕하공영차고지
20260407,31,31000,31065080,울주08(65080),덕하공영차고지-덕하공영차고지,3103952,덕하공영차고지,3103952,덕하공영차고지
20260407,31,31000,31000100,10,성안청구아파트-성안청구아파트,3100731,성안청구아파트,3100743,성안청구아파트
20260407,31,31000,31008180,818,성안청구아파트-성안청구아파트,3100743,성안청구아파트,3100731,성안청구아파트
20260407,31,31000,31061510,중구51(61510),성안청구아파트-성안청구아파트,3100731,성안청구아파트,3100743,성안청구아파트
20260407,31,31000,31061511,중구51-1(61511),성안청구아파트-우정선경아파트,3100731,성안청구아파트,3101332,우정선경아파트
20260407,31,31000,31065030,울주03(65030),세원울산영업소-세원울산영업소,3104290,세원울산영업소,3104289,세원울산영업소
20260407,31,31000,31065031,울주03-1(65031),세원울산영업소-세원울산영업소,3104290,세원울산영업소,3104289,세원울산영업소
20260407,31,31000,31065130,울주13(65130),세원울산영업소-세원울산영업소,3104290,세원울산영업소,3104289,세원울산영업소
20260407,31,31000,31065131,울주13-1(65131),세원울산영업소-세원울산영업소,3104290,세원울산영업소,3104289,세원울산영업소
20260407,31,31000,31009271,927-1,아데라움아파트-세양청구아파트,3102620,아데라움아파트,3100767,세양청구아파트
20260407,31,31000,31009950,995,오토밸리줌파크-오토밸리줌파크,3103465,오토밸리줌파크,3103465,오토밸리줌파크
20260407,31,31000,31064110,북구11(64110),오토밸리줌파크-오토밸리줌파크,3103465,오토밸리줌파크,3103465,오토밸리줌파크
20260407,31,31000,31002332,233-2,울산과학기술원-농소공영차고지,3103710,울산과학기술원,3102798,농소공영차고지
20260407,31,31000,31000120,12,울산테크노파크-울산테크노파크,3103076,울산테크노파크,3103075,울산테크노파크
20260407,31,31000,31000121,12-1,울산테크노파크-울산테크노파크,3103076,울산테크노파크,3103075,울산테크노파크
20260407,31,31000,31061530,중구53(61530),울산테크노파크-울산테크노파크,3103076,울산테크노파크,3104332,울산테크노파크
20260407,31,31000,31061531,중구53-1(61531),울산테크노파크-울산테크노파크,3103076,울산테크노파크,3104332,울산테크노파크
20260407,31,31000,31061570,중구57(61570),울산테크노파크-울산테크노파크,3103076,울산테크노파크,3104332,울산테크노파크
20260407,31,31000,31061533,중구53-3(61533),울산테크노파크-홈플러스중구점,3103076,울산테크노파크,3102413,홈플러스중구점
20260407,31,31000,31061572,중구57-2(61572),울산테크노파크-홈플러스중구점,3103076,울산테크노파크,3102413,홈플러스중구점
20260407,31,31000,31001000,100,중구둔치주차장-중구둔치주차장,3103865,중구둔치주차장,3103875,중구둔치주차장
20260407,31,31000,31009410,941,천곡우방아파트-천곡우방아파트,3100852,천곡우방아파트,3100853,천곡우방아파트
20260407,31,31000,31064020,북구02(64020),천곡우방아파트-천곡우방아파트,3100852,천곡우방아파트,3100853,천곡우방아파트
20260407,31,31000,31000130,13,함월구민운동장-함월구민운동장,3103507,함월구민운동장,3103506,함월구민운동장
20260407,31,31000,31000140,14,함월구민운동장-함월구민운동장,3103507,함월구민운동장,3103506,함월구민운동장
20260407,31,31000,31000141,14-1,함월구민운동장-함월구민운동장,3103507,함월구민운동장,3103506,함월구민운동장
20260407,31,31000,31000150,15,함월구민운동장-함월구민운동장,3103507,함월구민운동장,3103506,함월구민운동장
20260407,31,31000,31000151,15-1,함월구민운동장-함월구민운동장,3103507,함월구민운동장,3103506,함월구민운동장
20260407,31,31000,31061540,중구54(61540),함월구민운동장-함월구민운동장,3103507,함월구민운동장,3103506,함월구민운동장
20260407,31,31000,31061550,중구55(61550),함월구민운동장-함월구민운동장,3103507,함월구민운동장,3103506,함월구민운동장
20260407,31,31000,31061551,중구55-1(61551),함월구민운동장-함월구민운동장,3103507,함월구민운동장,3103506,함월구민운동장
20260407,31,31000,31061560,중구56(61560),함월구민운동장-함월구민운동장,3103507,함월구민운동장,3103506,함월구민운동장
20260407,31,31000,31009270,927,현대백화점정문-현대백화점정문,3100515,현대백화점정문,3100515,현대백화점정문
20260407,31,31000,31061532,중구53-2(61532),홈플러스중구점-울산테크노파크,3102413,홈플러스중구점,3104332,울산테크노파크
20260407,31,31000,31061571,중구57-1(61571),홈플러스중구점-울산테크노파크,3102413,홈플러스중구점,3104332,울산테크노파크
20260407,31,31000,31000792,79-2,굴화주공아파트-두동면행정복지센,3101145,굴화주공아파트,3101702,두동면행정복지센터
20260407,31,31000,31002132,213-2,농소공영차고지-서사시티프라디움,3101005,농소공영차고지,3104308,서사시티프라디움
20260407,31,31000,31002161,216-1,농소공영차고지-용연한국가스공사,3101005,농소공영차고지,3102551,용연한국가스공사
20260407,31,31000,31005372,537-2,덕하공영차고지-무림피앤피사원주,3103953,덕하공영차고지,3104019,무림피앤피사원주택
20260407,31,31000,31009532,953-2,자수정동굴나라-작천정다목적광장,3104024,자수정동굴나라,3103820,작천정다목적광장
20260407,31,31000,31065032,울주03-2(65032),자수정동굴나라-작천정다목적광장,3104024,자수정동굴나라,3103823,작천정다목적광장
20260407,31,31000,31009102,910-2,현대백화점정문-농수산물종합유통,3100515,현대백화점정문,3100019,농수산물종합유통센터정문
20260407,31,31000,31009162,916-2,현대백화점정문-농수산물종합유통,3100515,현대백화점정문,3100019,농수산물종합유통센터정문
20260407,31,31000,31061012,중구01-2(61012),현대백화점정문-농수산물종합유통,3100515,현대백화점정문,3100019,농수산물종합유통센터정문
20260407,31,31000,31061042,중구04-2(61042),현대백화점정문-농수산물종합유통,3100515,현대백화점정문,3100019,농수산물종합유통센터정문
20260407,31,31000,31009202,920-2,현대백화점정문-한라훼미리아파트,3100515,현대백화점정문,3102117,한라훼미리아파트
20260407,31,31000,31061521,중구52-1(61521),동덕현대아파트-종갓집도서관.함,3102323,동덕현대아파트,3103140,종갓집도서관.함월고
20260407,31,31000,31007252,725-2,덕하공영차고지-명촌차고지(종점,3103952,덕하공영차고지,3104229,명촌차고지(종점)
20260407,31,31000,31062521,남구52-1(62521),동문굿모닝힐-율리,3102851,동문굿모닝힐,3100596,율리
20260407,31,31000,31004052,405-2,서생체육공원-율리,3103468,서생체육공원,3100596,율리
20260407,31,31000,31001242,124-2,지웰시티자이-율리,3104143,지웰시티자이,3100596,율리
20260407,31,31000,31001311,131-1,벽산유토피아-꽃바위,3101277,벽산유토피아,3100439,꽃바위
20260407,31,31000,31005373,537-3,무궁화아파트-태화강역,3103214,무궁화아파트,3104094,태화강역
20260407,31,31000,31002354,235-4,양천마을회관-북울산역,3103440,양천마을회관,3104089,북울산역
20260407,31,31000,31008471,847-1,울산공항정문-태화강역,3103826,울산공항정문,3104108,태화강역
20260407,31,31000,31009542,954-2,중남초등학교-후평마을,3101931,중남초등학교,3103822,후평마을
20260407,31,31000,31000220,22,동문굿모닝힐-수필아파트,3102851,동문굿모닝힐,3102577,수필아파트
20260407,31,31000,31009770,977,동문굿모닝힐-수필아파트,3102851,동문굿모닝힐,3102577,수필아파트
20260407,31,31000,31063030,동구03(63030),동구청사거리-동구청사거리,3104071,동구청사거리,3104067,동구청사거리
20260407,31,31000,31009460,946,상안마을회관-상안마을회관,3102944,상안마을회관,3102943,상안마을회관
20260407,31,31000,31064060,북구06(64060),상안마을회관-상안마을회관,3102944,상안마을회관,3102943,상안마을회관
20260407,31,31000,31000800,울주10,상천마을회관-상천마을회관,3103967,상천마을회관,3103968,상천마을회관
20260407,31,31000,31064900,울주90(65900),상천마을회관-상천마을회관,3103967,상천마을회관,3103968,상천마을회관
20260407,31,31000,31065900,울주90,상천마을회관-상천마을회관,3103967,상천마을회관,3103968,상천마을회관
20260407,31,31000,31000610,61,신암마을회관-신암마을회관,3100906,신암마을회관,3100906,신암마을회관
20260407,31,31000,31000611,61-1,신암마을회관-신암마을회관,3100906,신암마을회관,3102890,신암마을회관
20260407,31,31000,31000612,61-2,신암마을회관-신암마을회관,3100906,신암마을회관,3102890,신암마을회관
20260407,31,31000,31000613,61-3,신암마을회관-신암마을회관,3100906,신암마을회관,3102890,신암마을회관
20260407,31,31000,31000614,61-4,신암마을회관-신암마을회관,3100906,신암마을회관,3102890,신암마을회관
20260407,31,31000,31000620,62,신암마을회관-신암마을회관,3100906,신암마을회관,3100906,신암마을회관
20260407,31,31000,31000621,62-1,신암마을회관-신암마을회관,3100906,신암마을회관,3102890,신암마을회관
20260407,31,31000,31000622,62-2,신암마을회관-신암마을회관,3100906,신암마을회관,3102890,신암마을회관
20260407,31,31000,31000623,62-3,신암마을회관-신암마을회관,3100906,신암마을회관,3102890,신암마을회관
20260407,31,31000,31064620,울주62(65620),신암마을회관-신암마을회관,3100906,신암마을회관,3100906,신암마을회관
20260407,31,31000,31064621,울주62-1(65621),신암마을회관-신암마을회관,3100906,신암마을회관,3102890,신암마을회관
20260407,31,31000,31064622,울주62-2(65622),신암마을회관-신암마을회관,3100906,신암마을회관,3102890,신암마을회관
20260407,31,31000,31064623,울주62-3(65623),신암마을회관-신암마을회관,3100906,신암마을회관,3102890,신암마을회관
20260407,31,31000,31064624,울주62-4(65624),신암마을회관-신암마을회관,3100906,신암마을회관,3102890,신암마을회관
20260407,31,31000,31064630,울주63(65630),신암마을회관-신암마을회관,3100906,신암마을회관,3100906,신암마을회관
20260407,31,31000,31064631,울주63-1(65631),신암마을회관-신암마을회관,3100906,신암마을회관,3102890,신암마을회관
20260407,31,31000,31065620,울주62,신암마을회관-신암마을회관,3100906,신암마을회관,3100906,신암마을회관
20260407,31,31000,31065621,울주62-1,신암마을회관-신암마을회관,3100906,신암마을회관,3102890,신암마을회관
20260407,31,31000,31065622,울주62-2,신암마을회관-신암마을회관,3100906,신암마을회관,3102890,신암마을회관
20260407,31,31000,31065623,울주62-3,신암마을회관-신암마을회관,3100906,신암마을회관,3102890,신암마을회관
20260407,31,31000,31065624,울주62-4,신암마을회관-신암마을회관,3100906,신암마을회관,3102890,신암마을회관
20260407,31,31000,31065630,울주63,신암마을회관-신암마을회관,3100906,신암마을회관,3100906,신암마을회관
20260407,31,31000,31065631,울주63-1,신암마을회관-신암마을회관,3100906,신암마을회관,3102890,신암마을회관
20260407,31,31000,31009750,975,에쓰오일사택-에쓰오일사택,3103701,에쓰오일사택,3103701,에쓰오일사택
20260407,31,31000,31062100,남구10(62100),에쓰오일사택-에쓰오일사택,3103701,에쓰오일사택,3103701,에쓰오일사택
20260407,31,31000,31009540,954,중남초등학교-중남초등학교,3101931,중남초등학교,3101909,중남초등학교
20260407,31,31000,31009543,954-3,중남초등학교-중남초등학교,3101931,중남초등학교,3101909,중남초등학교
20260407,31,31000,31065040,울주04(65040),중남초등학교-중남초등학교,3101931,중남초등학교,3101909,중남초등학교
20260407,31,31000,31065041,울주04-1(65041),중남초등학교-중남초등학교,3101931,중남초등학교,3101909,중남초등학교
20260407,31,31000,31065042,울주04-2(65042),중남초등학교-중남초등학교,3101931,중남초등학교,3101909,중남초등학교
20260407,31,31000,31065043,울주04-3(65043),중남초등학교-중남초등학교,3101931,중남초등학교,3101909,중남초등학교
20260407,31,31000,31062070,남구07(62070),한화꿈에그린-한화꿈에그린,3104293,한화꿈에그린,3104293,한화꿈에그린
20260407,31,31000,31009310,931,화암촛등공원-화암촛등공원,3103551,화암촛등공원,3103552,화암촛등공원
20260407,31,31000,31063010,동구01(63010),화암촛등공원-화암촛등공원,3103551,화암촛등공원,3103552,화암촛등공원
20260407,31,31000,31007142,714-2,덕계상설시장-농소공영차고지,3100789,덕계상설시장,3102798,농소공영차고지
20260407,31,31000,31065082,울주08-2(65082),무궁화아파트-덕하공영차고지,3103220,무궁화아파트,3103952,덕하공영차고지
20260407,31,31000,31002352,235-2,양천마을회관-농소공영차고지,3103440,양천마을회관,3102798,농소공영차고지
20260407,31,31000,31007053,705-3,청량초등학교-남부노인복지관,3100003,청량초등학교,3100730,남부노인복지관
20260407,31,31000,31009472,947-2,평창리비에르-농소공영차고지,3103012,평창리비에르,3102798,농소공영차고지
20260407,31,31000,31064072,북구07-2(64072),평창리비에르-농소공영차고지,3103011,평창리비에르,3102798,농소공영차고지
20260407,31,31000,31000601,60-1,상방마을종점-하북면행정복지센,3102833,상방마을종점,3102302,하북면행정복지센터우체국
20260407,31,31000,31064611,울주61-1(65611),상방마을종점-하북면행정복지센,3102833,상방마을종점,3102302,하북면행정복지센터우체국
20260407,31,31000,31065611,울주61-1,상방마을종점-하북면행정복지센,3102833,상방마을종점,3102302,하북면행정복지센터우체국
20260407,31,31000,31007072,707-2,옥동초등학교-옥동행정복지센터,3101455,옥동초등학교,3102806,옥동행정복지센터.울산대공원정문
20260407,31,31000,31007073,707-3,옥동초등학교-옥동행정복지센터,3101455,옥동초등학교,3102806,옥동행정복지센터.울산대공원정문
20260407,31,31000,31009182,918-2,옥동초등학교-옥동행정복지센터,3101455,옥동초등학교,3102806,옥동행정복지센터.울산대공원정문
20260407,31,31000,31009183,918-3,옥동초등학교-옥동행정복지센터,3101455,옥동초등학교,3102806,옥동행정복지센터.울산대공원정문
20260407,31,31000,31007070,707,옥동초등학교-울산대공원정문로,3101455,옥동초등학교,3103920,울산대공원정문로터리
20260407,31,31000,31009180,918,옥동초등학교-울산대공원정문로,3101455,옥동초등학교,3103920,울산대공원정문로터리
20260407,31,31000,31065044,울주04-4(65044),중남초등학교-세원울산영업소앞,3101931,중남초등학교,3104306,세원울산영업소앞
20260407,31,31000,31003131,313-1,삼동초등학교-구.언양버스터미,3102077,삼동초등학교,3101649,구.언양버스터미널
20260407,31,31000,31003231,323-1,삼동초등학교-구.언양버스터미,3102077,삼동초등학교,3101649,구.언양버스터미널
20260407,31,31000,31007631,763-1,명촌차고지(기점-봉계,3104228,명촌차고지(기점),3101656,봉계
20260407,31,31000,31007111,711-1,명촌차고지(기점-꽃바위,3104228,명촌차고지(기점),3100440,꽃바위
20260407,31,31000,31007212,721-2,명촌차고지(기점-꽃바위,3104228,명촌차고지(기점),3100440,꽃바위
20260407,31,31000,31007312,731-2,명촌차고지(기점-꽃바위,3104228,명촌차고지(기점),3100439,꽃바위
20260407,31,31000,31007412,741-2,명촌차고지(기점-꽃바위,3104228,명촌차고지(기점),3100440,꽃바위
20260407,31,31000,31007161,716-1,명촌차고지(기점-태화강역,3104228,명촌차고지(기점),3104093,태화강역
20260407,31,31000,31007281,728-1,명촌차고지(기점-골드클래스,3104228,명촌차고지(기점),3102976,골드클래스
20260407,31,31000,31005230,523,명촌차고지(기점-명촌차고지(종점,3104228,명촌차고지(기점),3104229,명촌차고지(종점)
20260407,31,31000,31007120,712,명촌차고지(기점-명촌차고지(종점,3104228,명촌차고지(기점),3104229,명촌차고지(종점)
20260407,31,31000,31007130,713,명촌차고지(기점-명촌차고지(종점,3104228,명촌차고지(기점),3104229,명촌차고지(종점)
20260407,31,31000,31007140,714,명촌차고지(기점-명촌차고지(종점,3104228,명촌차고지(기점),3104229,명촌차고지(종점)
20260407,31,31000,31007141,714-1,명촌차고지(기점-명촌차고지(종점,3104228,명촌차고지(기점),3104229,명촌차고지(종점)
20260407,31,31000,31007150,715,명촌차고지(기점-명촌차고지(종점,3104228,명촌차고지(기점),3104229,명촌차고지(종점)
20260407,31,31000,31007160,716,명촌차고지(기점-명촌차고지(종점,3104228,명촌차고지(기점),3104229,명촌차고지(종점)
20260407,31,31000,31007180,718,명촌차고지(기점-명촌차고지(종점,3104228,명촌차고지(기점),3104229,명촌차고지(종점)
20260407,31,31000,31007220,722,명촌차고지(기점-명촌차고지(종점,3104228,명촌차고지(기점),3104229,명촌차고지(종점)
20260407,31,31000,31007230,723,명촌차고지(기점-명촌차고지(종점,3104228,명촌차고지(기점),3104229,명촌차고지(종점)
20260407,31,31000,31007231,723-1,명촌차고지(기점-명촌차고지(종점,3104228,명촌차고지(기점),3104229,명촌차고지(종점)
20260407,31,31000,31007240,724,명촌차고지(기점-명촌차고지(종점,3104228,명촌차고지(기점),3104229,명촌차고지(종점)
20260407,31,31000,31007250,725,명촌차고지(기점-명촌차고지(종점,3104228,명촌차고지(기점),3104229,명촌차고지(종점)
20260407,31,31000,31007251,725-1,명촌차고지(기점-명촌차고지(종점,3104228,명촌차고지(기점),3104229,명촌차고지(종점)
20260407,31,31000,31007280,728,명촌차고지(기점-명촌차고지(종점,3104228,명촌차고지(기점),3104229,명촌차고지(종점)
20260407,31,31000,31007320,732,명촌차고지(기점-명촌차고지(종점,3104228,명촌차고지(기점),3104229,명촌차고지(종점)
20260407,31,31000,31007340,734,명촌차고지(기점-명촌차고지(종점,3104228,명촌차고지(기점),3104229,명촌차고지(종점)
20260407,31,31000,31007350,735,명촌차고지(기점-명촌차고지(종점,3104228,명촌차고지(기점),3104229,명촌차고지(종점)
20260407,31,31000,31007420,742,명촌차고지(기점-명촌차고지(종점,3104228,명촌차고지(기점),3104229,명촌차고지(종점)
20260407,31,31000,31007430,743,명촌차고지(기점-명촌차고지(종점,3104228,명촌차고지(기점),3104229,명촌차고지(종점)
20260407,31,31000,31007440,744,명촌차고지(기점-명촌차고지(종점,3104228,명촌차고지(기점),3104229,명촌차고지(종점)
20260407,31,31000,31007520,752,명촌차고지(기점-명촌차고지(종점,3104228,명촌차고지(기점),3104229,명촌차고지(종점)
20260407,31,31000,31007521,752-1,명촌차고지(기점-명촌차고지(종점,3104228,명촌차고지(기점),3104229,명촌차고지(종점)
20260407,31,31000,31007530,753,명촌차고지(기점-명촌차고지(종점,3104228,명촌차고지(기점),3104229,명촌차고지(종점)
20260407,31,31000,31007540,754,명촌차고지(기점-명촌차고지(종점,3104228,명촌차고지(기점),3104229,명촌차고지(종점)
20260407,31,31000,31007620,762,명촌차고지(기점-명촌차고지(종점,3104228,명촌차고지(기점),3104229,명촌차고지(종점)
20260407,31,31000,31007630,763,명촌차고지(기점-명촌차고지(종점,3104228,명촌차고지(기점),3104229,명촌차고지(종점)
20260407,31,31000,31007720,772,명촌차고지(기점-명촌차고지(종점,3104228,명촌차고지(기점),3104229,명촌차고지(종점)
20260407,31,31000,31007721,772-1,명촌차고지(기점-명촌차고지(종점,3104228,명촌차고지(기점),3104229,명촌차고지(종점)
20260407,31,31000,31007722,772-2,명촌차고지(기점-명촌차고지(종점,3104228,명촌차고지(기점),3104229,명촌차고지(종점)
20260407,31,31000,31007723,772-3,명촌차고지(기점-명촌차고지(종점,3104228,명촌차고지(기점),3104229,명촌차고지(종점)
20260407,31,31000,31007730,773,명촌차고지(기점-명촌차고지(종점,3104228,명촌차고지(기점),3104229,명촌차고지(종점)
20260407,31,31000,31011540,1154,명촌차고지(기점-명촌차고지(종점,3104228,명촌차고지(기점),3104229,명촌차고지(종점)
20260407,31,31000,31017150,1715,명촌차고지(기점-명촌차고지(종점,3104228,명촌차고지(기점),3104229,명촌차고지(종점)
20260407,31,31000,31017152,1715-2,명촌차고지(기점-명촌차고지(종점,3104228,명촌차고지(기점),3104229,명촌차고지(종점)
20260407,31,31000,31060110,순환11(66110),명촌차고지(기점-명촌차고지(종점,3104228,명촌차고지(기점),3104229,명촌차고지(종점)
20260407,31,31000,31060120,순환12(66120),명촌차고지(기점-명촌차고지(종점,3104228,명촌차고지(기점),3104229,명촌차고지(종점)
20260407,31,31000,31060210,순환21(66210),명촌차고지(기점-명촌차고지(종점,3104228,명촌차고지(기점),3104229,명촌차고지(종점)
20260407,31,31000,31060220,순환22(66220),명촌차고지(기점-명촌차고지(종점,3104228,명촌차고지(기점),3104229,명촌차고지(종점)
20260407,31,31000,31064050,북구05(64050),명촌차고지(기점-명촌차고지(종점,3104228,명촌차고지(기점),3104229,명촌차고지(종점)
20260407,31,31000,31066110,순환11,명촌차고지(기점-명촌차고지(종점,3104228,명촌차고지(기점),3104229,명촌차고지(종점)
20260407,31,31000,31066120,순환12,명촌차고지(기점-명촌차고지(종점,3104228,명촌차고지(기점),3104229,명촌차고지(종점)
20260407,31,31000,31066210,순환21,명촌차고지(기점-명촌차고지(종점,3104228,명촌차고지(기점),3104229,명촌차고지(종점)
20260407,31,31000,31066220,순환22,명촌차고지(기점-명촌차고지(종점,3104228,명촌차고지(기점),3104229,명촌차고지(종점)
20260407,31,31000,31065090,울주09(65090),구영회차지(기점-구영종점(종점),3104301,구영회차지(기점),3104305,구영종점(종점)
20260407,31,31000,31065091,울주09-1(65091),구영회차지(기점-구영종점(종점),3104301,구영회차지(기점),3104305,구영종점(종점)
20260407,31,31000,31017151,1715-1,명촌차고지(기점-덕하역.덕하시장,3104228,명촌차고지(기점),3101095,덕하역.덕하시장
20260407,31,31000,31017153,1715-3,명촌차고지(기점-덕하역.덕하시장,3104228,명촌차고지(기점),3101095,덕하역.덕하시장
20260407,31,31000,31004081,408-1,골드클래스-율리,3102977,골드클래스,3100596,율리
20260407,31,31000,31004382,438-2,골드클래스-율리,3102977,골드클래스,3100596,율리
20260407,31,31000,31008241,824-1,골드클래스-율리,3102977,골드클래스,3100596,율리
20260407,31,31000,31000528,52-8,온산우체국-월내,3100973,온산우체국,3102480,월내
20260407,31,31000,31000501,50-1,온양우체국-남창,3100930,온양우체국,3100945,남창
20260407,31,31000,31000503,50-3,온양우체국-남창,3100930,온양우체국,3100945,남창
20260407,31,31000,31000504,50-4,온양우체국-남창,3100930,온양우체국,3100945,남창
20260407,31,31000,31064511,울주51-1(65511),온양우체국-남창,3100930,온양우체국,3100945,남창
20260407,31,31000,31064513,울주51-3(65513),온양우체국-남창,3100930,온양우체국,3100945,남창
20260407,31,31000,31064514,울주51-4(65514),온양우체국-남창,3100930,온양우체국,3100945,남창
20260407,31,31000,31065511,울주51-1,온양우체국-남창,3100930,온양우체국,3100945,남창
20260407,31,31000,31065513,울주51-3,온양우체국-남창,3100930,온양우체국,3100945,남창
20260407,31,31000,31065514,울주51-4,온양우체국-남창,3100930,온양우체국,3100945,남창
20260407,31,31000,31004332,433-2,천상중학교-율리,3100327,천상중학교,3100596,율리
20260407,31,31000,31062043,남구04-3(62043),강변그린빌-낭지교,3102240,강변그린빌,3103832,낭지교
20260407,31,31000,31001031,103-1,들꽃학습원-꽃바위,3104049,들꽃학습원,3100439,꽃바위
20260407,31,31000,31001231,123-1,천상중학교-꽃바위,3100327,천상중학교,3100440,꽃바위
20260407,31,31000,31008271,827-1,골드클래스-태화강역,3102977,골드클래스,3104108,태화강역
20260407,31,31000,31061564,중구56-4(61564),번영로입구-풍암마을,3102387,번영로입구,3102838,풍암마을
20260407,31,31000,31064136,북구13-6(64136),북구청남문-대안입구,3101388,북구청남문,3100663,대안입구
20260407,31,31000,31064138,북구13-8(64138),북구청남문-대안입구,3101388,북구청남문,3100663,대안입구
20260407,31,31000,31004112,411-2,신명휴게소-태화강역,3103672,신명휴게소,3104108,태화강역
20260407,31,31000,31004721,472-1,한솔그린빌-태화강역,3100687,한솔그린빌,3100586,태화강역
20260407,31,31000,31007442,744-2,한솔그린빌-태화강역,3100687,한솔그린빌,3100586,태화강역
20260407,31,31000,31000210,21,강변그린빌-강변그린빌,3102240,강변그린빌,3102240,강변그린빌
20260407,31,31000,31062040,남구04(62040),강변그린빌-강변그린빌,3102240,강변그린빌,3102240,강변그린빌
20260407,31,31000,31062041,남구04-1(62041),강변그린빌-강변그린빌,3102240,강변그린빌,3102240,강변그린빌
20260407,31,31000,31062042,남구04-2(62042),강변그린빌-강변그린빌,3102240,강변그린빌,3102240,강변그린빌
20260407,31,31000,31062510,남구51(62510),강변그린빌-강변그린빌,3102240,강변그린빌,3102240,강변그린빌
20260407,31,31000,31009120,912,골드클래스-골드클래스,3102977,골드클래스,3102976,골드클래스
20260407,31,31000,31009121,912-1,골드클래스-골드클래스,3102977,골드클래스,3102976,골드클래스
20260407,31,31000,31009130,913,골드클래스-골드클래스,3102977,골드클래스,3102976,골드클래스
20260407,31,31000,31061020,중구02(61020),골드클래스-골드클래스,3102977,골드클래스,3102976,골드클래스
20260407,31,31000,31061021,중구02-1(61021),골드클래스-골드클래스,3102977,골드클래스,3102976,골드클래스
20260407,31,31000,31061030,중구03(61030),골드클래스-골드클래스,3102977,골드클래스,3102976,골드클래스
20260407,31,31000,31009290,929,남양그린빌-남양그린빌,3100447,남양그린빌,3100446,남양그린빌
20260407,31,31000,31062090,남구09(62090),남양그린빌-남양그린빌,3100447,남양그린빌,3100446,남양그린빌
20260407,31,31000,31000320,32,대왕암공원-대왕암공원,3100376,대왕암공원,3100375,대왕암공원
20260407,31,31000,31001140,114,대왕암공원-대왕암공원,3100376,대왕암공원,3100375,대왕암공원
20260407,31,31000,31011140,1114,대왕암공원-대왕암공원,3100376,대왕암공원,3100375,대왕암공원
20260407,31,31000,31011141,1114-1,대왕암공원-대왕암공원,3100376,대왕암공원,3100375,대왕암공원
20260407,31,31000,31063520,동구52(63520),대왕암공원-대왕암공원,3100376,대왕암공원,3100375,대왕암공원
20260407,31,31000,31000523,52-3,대우아파트-우주아파트,3102436,대우아파트,3102503,우주아파트
20260407,31,31000,31000524,52-4,대우아파트-우주아파트,3102436,대우아파트,3102503,우주아파트
20260407,31,31000,31012143,1214-3,신복교차로-신복교차로,3101409,신복교차로,3101460,신복교차로
20260407,31,31000,31062044,남구04-4(62044),안영축종점-강변그린빌,3103835,안영축종점,3102240,강변그린빌
20260407,31,31000,31000510,51,우주아파트-우주아파트,3102503,우주아파트,3102504,우주아파트
20260407,31,31000,31000511,51-1,우주아파트-우주아파트,3102503,우주아파트,3102504,우주아파트
20260407,31,31000,31000530,53,우주아파트-우주아파트,3102503,우주아파트,3102504,우주아파트
20260407,31,31000,31064520,울주52(65520),우주아파트-우주아파트,3102503,우주아파트,3102504,우주아파트
20260407,31,31000,31064521,울주52-1(65521),우주아파트-우주아파트,3102503,우주아파트,3102504,우주아파트
20260407,31,31000,31064540,울주54(65540),우주아파트-우주아파트,3102503,우주아파트,3102504,우주아파트
20260407,31,31000,31065520,울주52,우주아파트-우주아파트,3102503,우주아파트,3102504,우주아파트
20260407,31,31000,31065521,울주52-1,우주아파트-우주아파트,3102503,우주아파트,3102504,우주아파트
20260407,31,31000,31065540,울주54,우주아파트-우주아파트,3102503,우주아파트,3102504,우주아파트
20260407,31,31000,31003170,317,천상중학교-천상중학교,3100327,천상중학교,3100328,천상중학교
20260407,31,31000,31000330,33,현대백화점-현대백화점,3100350,현대백화점,3100350,현대백화점
20260407,31,31000,31000331,33-1,현대백화점-현대백화점,3100350,현대백화점,3100350,현대백화점
20260407,31,31000,31063530,동구53(63530),현대백화점-현대백화점,3100350,현대백화점,3100350,현대백화점
20260407,31,31000,31063531,동구53-1(63531),현대백화점-현대백화점,3100350,현대백화점,3100350,현대백화점
20260407,31,31000,31009244,924-4,홍이네국수-강변그린빌,3103835,안영축종점,3102240,강변그린빌
20260407,31,31000,31009240,924,홍이네국수-홍이네국수,3103835,안영축종점,3103840,안영축종점
20260407,31,31000,31009242,924-2,홍이네국수-홍이네국수,3103835,안영축종점,3103840,안영축종점
20260407,31,31000,31002031,203-1,들꽃학습원-농소공영차고지,3104049,들꽃학습원,3102798,농소공영차고지
20260407,31,31000,31061563,중구56-3(61563),번영로입구-함월구민운동장,3102387,번영로입구,3103506,함월구민운동장
20260407,31,31000,31005432,543-2,양우내안애-덕하공영차고지,3103844,양우내안애,3103953,덕하공영차고지
20260407,31,31000,31008572,857-2,양우내안애-덕하공영차고지,3103844,양우내안애,3103953,덕하공영차고지
20260407,31,31000,31005141,514-1,장검중학교-덕하공영차고지,3103265,장검중학교,3103953,덕하공영차고지
20260407,31,31000,31007541,754-1,장검중학교-덕하공영차고지,3103265,장검중학교,3103953,덕하공영차고지
20260407,31,31000,31007011,701-1,북구청남문-월성원자력홍보관,3101355,북구청남문,3103754,월성원자력홍보관
20260407,31,31000,31009241,924-1,하나로마트-문수초등학교정문,3103728,하나로마트,3103729,문수초등학교정문
20260407,31,31000,31009243,924-3,하나로마트-문수초등학교정문,3103728,하나로마트,3103729,문수초등학교정문
20260407,31,31000,31007282,728-2,골드클래스-명촌차고지(종점,3102977,골드클래스,3104229,명촌차고지(종점)
20260407,31,31000,31004113,411-3,효문사거리-신명(달맞이휴게,3101492,효문사거리,3103368,신명(달맞이휴게소)
20260407,31,31000,31000525,52-5,거남마을-월내,3103391,거남마을,3102480,월내
20260407,31,31000,31004521,452-1,달천회관-율리,3100861,달천회관,3100596,율리
20260407,31,31000,31004531,453-1,달천회관-율리,3100861,달천회관,3100596,율리
20260407,31,31000,31003332,333-2,삼남신화-율림,3102589,삼남신화,3102149,율림
20260407,31,31000,31004151,415-1,삼일여고-율리,3103816,삼일여고,3100596,율리
20260407,31,31000,31004182,418-2,성안종점-율리,3104105,성안종점,3100596,율리
20260407,31,31000,31004282,428-2,성안종점-율리,3104105,성안종점,3100596,율리
20260407,31,31000,31004211,421-1,태화강역-대안,3100586,태화강역,3100647,대안
20260407,31,31000,31008022,802-2,태화강역-봉계,3104092,태화강역,3101656,봉계
20260407,31,31000,31007323,732-3,태화강역-천곡,3100585,태화강역,3100846,천곡
20260407,31,31000,31001021,102-1,달천회관-꽃바위,3100861,달천회관,3100439,꽃바위
20260407,31,31000,31001122,112-2,달천회관-꽃바위,3100876,달천회관,3100439,꽃바위
20260407,31,31000,31001282,128-2,달천회관-꽃바위,3100876,달천회관,3100440,꽃바위
20260407,31,31000,31001224,122-4,북울산역-꽃바위,3104089,북울산역,3100440,꽃바위
20260407,31,31000,31001071,107-1,태화강역-꽃바위,3100585,태화강역,3100439,꽃바위
20260407,31,31000,31001271,127-1,태화강역-꽃바위,3100585,태화강역,3100440,꽃바위
20260407,31,31000,31008072,807-2,태화강역-석남사,3104092,태화강역,3101894,석남사
20260407,31,31000,31062490,남구49(62490),대경산전-대경산전,3104011,대경산전,3104010,대경산전
20260407,31,31000,31009810,981,대안입구-대안입구,3104091,대안입구,3104091,대안입구
20260407,31,31000,31064100,북구10(64100),대안입구-대안입구,3100658,대안입구,3100663,대안입구
20260407,31,31000,31064130,북구13(64130),대안입구-대안입구,3100658,대안입구,3100663,대안입구
20260407,31,31000,31064131,북구13-1(64131),대안입구-대안입구,3100658,대안입구,3100663,대안입구
20260407,31,31000,31064132,북구13-2(64132),대안입구-대안입구,3100658,대안입구,3100663,대안입구
20260407,31,31000,31064133,북구13-3(64133),대안입구-대안입구,3100658,대안입구,3100663,대안입구
20260407,31,31000,31064134,북구13-4(64134),대안입구-대안입구,3100658,대안입구,3100663,대안입구
20260407,31,31000,31064135,북구13-5(64135),대안입구-대안입구,3100658,대안입구,3100663,대안입구
20260407,31,31000,31064139,북구13-9(64139),대안입구-대안입구,3100658,대안입구,3100663,대안입구
20260407,31,31000,31009434,943-4,대안입구-메가마트,3100658,대안입구,3102217,메가마트
20260407,31,31000,31000310,31,동진성끝-동진성끝,3100399,동진성끝,3100399,동진성끝
20260407,31,31000,31000321,32-1,동진성끝-동진성끝,3100399,동진성끝,3100399,동진성끝
20260407,31,31000,31000360,36,동진성끝-동진성끝,3100399,동진성끝,3100399,동진성끝
20260407,31,31000,31009320,932,동진성끝-동진성끝,3100399,동진성끝,3104079,동진성끝
20260407,31,31000,31063020,동구02(63020),동진성끝-동진성끝,3100399,동진성끝,3104079,동진성끝
20260407,31,31000,31063510,동구51(63510),동진성끝-동진성끝,3100399,동진성끝,3100399,동진성끝
20260407,31,31000,31063521,동구52-1(63521),동진성끝-동진성끝,3100399,동진성끝,3100399,동진성끝
20260407,31,31000,31063540,동구54(63540),동진성끝-동진성끝,3100399,동진성끝,3100399,동진성끝
20260407,31,31000,31007024,702-4,매곡종점-태화강역,3102610,매곡종점,3104108,태화강역
20260407,31,31000,31009430,943,메가마트-메가마트,3102217,메가마트,3102217,메가마트
20260407,31,31000,31009431,943-1,메가마트-메가마트,3102217,메가마트,3102217,메가마트
20260407,31,31000,31009432,943-2,메가마트-메가마트,3102217,메가마트,3102217,메가마트
20260407,31,31000,31009433,943-3,메가마트-메가마트,3102217,메가마트,3102217,메가마트
20260407,31,31000,31059011,자율(울산공항방면),반용종점-울산공항,3103669,반용종점,3101034,울산공항
20260407,31,31000,31009480,948,북울산역-북울산역,3104089,북울산역,3104089,북울산역
20260407,31,31000,31009481,948-1,북울산역-북울산역,3104089,북울산역,3104089,북울산역
20260407,31,31000,31064080,북구08(64080),북울산역-북울산역,3104089,북울산역,3104089,북울산역
20260407,31,31000,31064081,북구08-1(64081),북울산역-북울산역,3104089,북울산역,3104089,북울산역
20260407,31,31000,31003080,308,삼남신화-삼남신화,3102589,삼남신화,3102590,삼남신화
20260407,31,31000,31003081,308-1,삼남신화-삼남신화,3102589,삼남신화,3102590,삼남신화
20260407,31,31000,31003082,308-2,삼남신화-삼남신화,3102589,삼남신화,3102590,삼남신화
20260407,31,31000,31003130,313,삼남신화-삼남신화,3102589,삼남신화,3102590,삼남신화
20260407,31,31000,31003132,313-2,삼남신화-삼남신화,3102589,삼남신화,3102590,삼남신화
20260407,31,31000,31003180,318,삼남신화-삼남신화,3102589,삼남신화,3102590,삼남신화
20260407,31,31000,31003270,327,삼남신화-삼남신화,3102589,삼남신화,3102590,삼남신화
20260407,31,31000,31003330,333,삼남신화-삼남신화,3102589,삼남신화,3102589,삼남신화
20260407,31,31000,31003370,337,삼남신화-삼남신화,3102589,삼남신화,3102590,삼남신화
20260407,31,31000,31003380,338,삼남신화-삼남신화,3102589,삼남신화,3102590,삼남신화
20260407,31,31000,31003382,338-2,삼남신화-삼남신화,3102589,삼남신화,3102590,삼남신화
20260407,31,31000,31003430,343,삼남신화-삼남신화,3102589,삼남신화,3102590,삼남신화
20260407,31,31000,31003480,348,삼남신화-삼남신화,3102589,삼남신화,3102590,삼남신화
20260407,31,31000,31003481,348-1,삼남신화-삼남신화,3102589,삼남신화,3102590,삼남신화
20260407,31,31000,31003482,348-2,삼남신화-삼남신화,3102589,삼남신화,3102590,삼남신화
20260407,31,31000,31003483,348-3,삼남신화-삼남신화,3102589,삼남신화,3102590,삼남신화
20260407,31,31000,31003570,357,삼남신화-삼남신화,3102589,삼남신화,3102590,삼남신화
20260407,31,31000,31003580,358,삼남신화-삼남신화,3102589,삼남신화,3102590,삼남신화
20260407,31,31000,31003630,363,삼남신화-삼남신화,3102589,삼남신화,3102590,삼남신화
20260407,31,31000,31003830,383,삼남신화-삼남신화,3102589,삼남신화,3102590,삼남신화
20260407,31,31000,31003831,383-1,삼남신화-삼남신화,3102589,삼남신화,3102590,삼남신화
20260407,31,31000,31003832,383-2,삼남신화-삼남신화,3102589,삼남신화,3102590,삼남신화
20260407,31,31000,31003833,383-3,삼남신화-삼남신화,3102589,삼남신화,3102590,삼남신화
20260407,31,31000,31003272,327-2,삼남신화-태화강역,3102589,삼남신화,3104108,태화강역
20260407,31,31000,31003372,337-2,삼남신화-태화강역,3102589,삼남신화,3104108,태화강역
20260407,31,31000,31003572,357-2,삼남신화-태화강역,3102589,삼남신화,3104108,태화강역
20260407,31,31000,31065100,울주10(65100),서생역앞-서생역앞,3104118,서생역앞,3104117,서생역앞
20260407,31,31000,31065101,울주10-1(65101),서생역앞-서생역앞,3104118,서생역앞,3104117,서생역앞
20260407,31,31000,31059010,자율(반용종점방면),울산공항-반용종점,3101002,울산공항,3102726,반용종점
20260407,31,31000,31065190,울주19(65190),중촌회관-중촌회관,3103674,중촌회관,3101747,중촌회관
20260407,31,31000,31000009,울주06,태기마을-태기마을,3104165,태기마을,3104164,태기마을
20260407,31,31000,31064860,울주86(65860),태기마을-태기마을,3104165,태기마을,3104164,태기마을
20260407,31,31000,31065860,울주86,태기마을-태기마을,3104165,태기마을,3104164,태기마을
20260407,31,31000,31003271,327-1,태화강역-삼남신화,3104092,태화강역,3102590,삼남신화
20260407,31,31000,31003371,337-1,태화강역-삼남신화,3104092,태화강역,3102590,삼남신화
20260407,31,31000,31003571,357-1,태화강역-삼남신화,3104092,태화강역,3102590,삼남신화
20260407,31,31000,31001470,147,태화강역-태화강역,3100586,태화강역,3104108,태화강역
20260407,31,31000,31002070,207,태화강역-태화강역,3100586,태화강역,3104108,태화강역
20260407,31,31000,31003070,307,태화강역-태화강역,3104092,태화강역,3104108,태화강역
20260407,31,31000,31003071,307-1,태화강역-태화강역,3104092,태화강역,3104108,태화강역
20260407,31,31000,31004110,411,태화강역-태화강역,3100586,태화강역,3104108,태화강역
20260407,31,31000,31004210,421,태화강역-태화강역,3100586,태화강역,3104108,태화강역
20260407,31,31000,31005070,507,태화강역-태화강역,3100585,태화강역,3100586,태화강역
20260407,31,31000,31007010,701,태화강역-태화강역,3100586,태화강역,3104108,태화강역
20260407,31,31000,31007020,702,태화강역-태화강역,3100586,태화강역,3104108,태화강역
20260407,31,31000,31007021,702-1,태화강역-태화강역,3100586,태화강역,3104108,태화강역
20260407,31,31000,31007050,705,태화강역-태화강역,3100585,태화강역,3104108,태화강역
20260407,31,31000,31007080,708,태화강역-태화강역,3104092,태화강역,3104108,태화강역
20260407,31,31000,31007081,708-1,태화강역-태화강역,3104092,태화강역,3104108,태화강역
20260407,31,31000,31007321,732-1,태화강역-태화강역,3100585,태화강역,3100586,태화강역
20260407,31,31000,31008020,802,태화강역-태화강역,3104092,태화강역,3104108,태화강역
20260407,31,31000,31008070,807,태화강역-태화강역,3104092,태화강역,3104108,태화강역
20260407,31,31000,31008080,808,태화강역-태화강역,3100586,태화강역,3104108,태화강역
20260407,31,31000,31008170,817,태화강역-태화강역,3104092,태화강역,3104108,태화강역
20260407,31,31000,31008270,827,태화강역-태화강역,3100586,태화강역,3104108,태화강역
20260407,31,31000,31008370,837,태화강역-태화강역,3104092,태화강역,3104108,태화강역
20260407,31,31000,31008470,847,태화강역-태화강역,3100586,태화강역,3104108,태화강역
20260407,31,31000,31011370,1137,태화강역-태화강역,3100585,태화강역,3104094,태화강역
20260407,31,31000,31011371,1137-1,태화강역-태화강역,3100585,태화강역,3104094,태화강역
20260407,31,31000,31017130,1713,태화강역-태화강역,3104093,태화강역,3104108,태화강역
20260407,31,31000,31017230,1723,태화강역-태화강역,3104093,태화강역,3104108,태화강역
20260407,31,31000,31017231,1723-1,태화강역-태화강역,3104093,태화강역,3104108,태화강역
20260407,31,31000,31017330,1733,태화강역-태화강역,3104093,태화강역,3104108,태화강역
20260407,31,31000,31061561,중구56-1(61561),풍암마을-풍암마을,3103677,풍암마을,3102838,풍암마을
20260407,31,31000,31064137,북구13-7(64137),대안입구-북구청남문,3100658,대안입구,3101388,북구청남문
20260407,31,31000,31008272,827-2,태화강역-골드클래스,3100586,태화강역,3102976,골드클래스
20260407,31,31000,31003072,307-2,태화강역-천상중학교,3104092,태화강역,3100328,천상중학교
20260407,31,31000,31004722,472-2,태화강역-한솔그린빌,3100585,태화강역,3100684,한솔그린빌
20260407,31,31000,31007441,744-1,태화강역-한솔그린빌,3100585,태화강역,3100684,한솔그린빌
20260407,31,31000,31061562,중구56-2(61562),풍암마을-번영로입구,3103677,풍암마을,3102387,번영로입구
20260407,31,31000,31002353,235-3,북울산역-양천마을회관,3104089,북울산역,3103439,양천마을회관
20260407,31,31000,31008472,847-2,태화강역-울산공항정문,3100586,태화강역,3103826,울산공항정문
20260407,31,31000,31009541,954-1,후평마을-중남초등학교,3103821,후평마을,3101909,중남초등학교
20260407,31,31000,31009412,941-2,북울산역-농소공영차고지,3104089,북울산역,3102798,농소공영차고지
20260407,31,31000,31009483,948-3,북울산역-농소공영차고지,3104089,북울산역,3102798,농소공영차고지
20260407,31,31000,31009953,995-3,북울산역-농소공영차고지,3104089,북울산역,3102798,농소공영차고지
20260407,31,31000,31064022,북구02-2(64022),북울산역-농소공영차고지,3104089,북울산역,3102798,농소공영차고지
20260407,31,31000,31064083,북구08-3(64083),북울산역-농소공영차고지,3104089,북울산역,3102798,농소공영차고지
20260407,31,31000,31064113,북구11-3(64113),북울산역-농소공영차고지,3104089,북울산역,3102798,농소공영차고지
20260407,31,31000,31009484,948-4,북울산역-오토밸리줌파크,3104089,북울산역,3103465,오토밸리줌파크
20260407,31,31000,31009951,995-1,북울산역-오토밸리줌파크,3104089,북울산역,3103465,오토밸리줌파크
20260407,31,31000,31064084,북구08-4(64084),북울산역-오토밸리줌파크,3104089,북울산역,3103465,오토밸리줌파크
20260407,31,31000,31064111,북구11-1(64111),북울산역-오토밸리줌파크,3104089,북울산역,3103465,오토밸리줌파크
20260407,31,31000,31007051,705-1,태화강역-남부노인복지관,3100585,태화강역,3100730,남부노인복지관
20260407,31,31000,31005275,527-5,태화강역-덕하공영차고지,3100585,태화강역,3103953,덕하공영차고지
20260407,31,31000,31005279,527-9,태화강역-덕하공영차고지,3100585,태화강역,3103953,덕하공영차고지
20260407,31,31000,31005374,537-4,태화강역-덕하공영차고지,3100585,태화강역,3103953,덕하공영차고지
20260407,31,31000,31002462,246-2,황암마을-농소공영차고지,3101183,황암마을,3102798,농소공영차고지
20260407,31,31000,31002662,266-2,황암마을-농소공영차고지,3101183,황암마을,3102798,농소공영차고지
20260407,31,31000,31007421,742-1,북구청앞-월성원자력홍보관,3101270,북구청앞,3103754,월성원자력홍보관
20260407,31,31000,31000010,75-4,유촌회관-두서면행정복지센,3103947,유촌회관,3103944,두서면행정복지센터
20260407,31,31000,31000007,75-1,유촌회관-언양임시시외터미,3103947,유촌회관,3103942,언양임시시외터미널
20260407,31,31000,31007023,702-3,태화강역-매곡푸르지오아파,3100586,태화강역,3100185,매곡푸르지오아파트
20260407,31,31000,31003181,318-1,삼남신화-안전보건공단.동,3102589,삼남신화,3103070,안전보건공단.동서발전
20260407,31,31000,31003582,358-2,삼남신화-안전보건공단.동,3102589,삼남신화,3103070,안전보건공단.동서발전
20260407,31,31000,31007162,716-2,태화강역-명촌차고지(종점,3104094,태화강역,3104229,명촌차고지(종점)
20260407,31,31000,31003151,315-1,동부주공-통도사.신평버스,3101618,동부주공,3102299,통도사.신평버스터미널
20260407,31,31000,31008172,817-2,태화강역-통도사.신평버스,3104092,태화강역,3102299,통도사.신평버스터미널
20260407,31,31000,31003233,323-3,동부주공-사촌(삼동면사무,3101618,동부주공,3102781,사촌(삼동면사무소)
20260407,31,31000,31004111,411-1,태화강역-신명(달맞이휴게,3100586,태화강역,3103368,신명(달맞이휴게소)
20260407,31,31000,31007012,701-2,태화강역-신명(달맞이휴게,3100586,태화강역,3103368,신명(달맞이휴게소)
20260407,31,31000,31064861,울주86-1(65861),태기마을-구.언양버스터미,3104165,태기마을,3101649,구.언양버스터미널
20260407,31,31000,31001222,122-2,꽃바위-모화,3100439,꽃바위,3101018,모화
20260407,31,31000,31001041,104-1,꽃바위-율리,3100439,꽃바위,3100596,율리
20260407,31,31000,31001061,106-1,꽃바위-율리,3100440,꽃바위,3100596,율리
20260407,31,31000,31001141,114-1,꽃바위-율리,3100439,꽃바위,3100596,율리
20260407,31,31000,31001341,134-1,꽃바위-율리,3100440,꽃바위,3100596,율리
20260407,31,31000,31004011,401-1,꽃바위-율리,3100439,꽃바위,3100596,율리
20260407,31,31000,31014011,1401-1,꽃바위-율리,3100439,꽃바위,3100596,율리
20260407,31,31000,31004132,413-2,석남사-율리,3101841,석남사,3100596,율리
20260407,31,31000,31004062,406-2,장생포-율리,3100559,장생포,3100596,율리
20260407,31,31000,31004162,416-2,장생포-율리,3100559,장생포,3100596,율리
20260407,31,31000,31001010,101,꽃바위-꽃바위,3100439,꽃바위,3100439,꽃바위
20260407,31,31000,31001011,101-1,꽃바위-꽃바위,3100440,꽃바위,3100440,꽃바위
20260407,31,31000,31001012,101-2,꽃바위-꽃바위,3100439,꽃바위,3100439,꽃바위
20260407,31,31000,31001020,102,꽃바위-꽃바위,3100440,꽃바위,3100439,꽃바위
20260407,31,31000,31001030,103,꽃바위-꽃바위,3100440,꽃바위,3100439,꽃바위
20260407,31,31000,31001060,106,꽃바위-꽃바위,3100440,꽃바위,3100439,꽃바위
20260407,31,31000,31001070,107,꽃바위-꽃바위,3100440,꽃바위,3100439,꽃바위
20260407,31,31000,31001080,108,꽃바위-꽃바위,3100440,꽃바위,3100439,꽃바위
20260407,31,31000,31001110,111,꽃바위-꽃바위,3100439,꽃바위,3100439,꽃바위
20260407,31,31000,31001111,111-1,꽃바위-꽃바위,3100440,꽃바위,3100440,꽃바위
20260407,31,31000,31001120,112,꽃바위-꽃바위,3100440,꽃바위,3100439,꽃바위
20260407,31,31000,31001150,115,꽃바위-꽃바위,3100440,꽃바위,3100439,꽃바위
20260407,31,31000,31001180,118,꽃바위-꽃바위,3100439,꽃바위,3100440,꽃바위
20260407,31,31000,31001210,121,꽃바위-꽃바위,3100440,꽃바위,3100439,꽃바위
20260407,31,31000,31001211,121-1,꽃바위-꽃바위,3100440,꽃바위,3100439,꽃바위
20260407,31,31000,31001220,122,꽃바위-꽃바위,3100439,꽃바위,3100440,꽃바위
20260407,31,31000,31001230,123,꽃바위-꽃바위,3100439,꽃바위,3100440,꽃바위
20260407,31,31000,31001260,126,꽃바위-꽃바위,3100439,꽃바위,3100440,꽃바위
20260407,31,31000,31001270,127,꽃바위-꽃바위,3100439,꽃바위,3100440,꽃바위
20260407,31,31000,31001280,128,꽃바위-꽃바위,3100439,꽃바위,3100440,꽃바위
20260407,31,31000,31001310,131,꽃바위-꽃바위,3100440,꽃바위,3100439,꽃바위
20260407,31,31000,31001320,132,꽃바위-꽃바위,3100440,꽃바위,3100439,꽃바위
20260407,31,31000,31001330,133,꽃바위-꽃바위,3100439,꽃바위,3100440,꽃바위
20260407,31,31000,31001340,134,꽃바위-꽃바위,3100439,꽃바위,3100440,꽃바위
20260407,31,31000,31001420,142,꽃바위-꽃바위,3100439,꽃바위,3100440,꽃바위
20260407,31,31000,31007110,711,꽃바위-꽃바위,3100439,꽃바위,3100440,꽃바위
20260407,31,31000,31007210,721,꽃바위-꽃바위,3100439,꽃바위,3100440,꽃바위
20260407,31,31000,31007310,731,꽃바위-꽃바위,3100440,꽃바위,3100439,꽃바위
20260407,31,31000,31007410,741,꽃바위-꽃바위,3100439,꽃바위,3100440,꽃바위
20260407,31,31000,31011150,1115,꽃바위-꽃바위,3100440,꽃바위,3100439,꽃바위
20260407,31,31000,31011151,1115-1,꽃바위-꽃바위,3100440,꽃바위,3100439,꽃바위
20260407,31,31000,31011340,1134,꽃바위-꽃바위,3100439,꽃바위,3100439,꽃바위
20260407,31,31000,31011440,1144,꽃바위-꽃바위,3100439,꽃바위,3100440,꽃바위
20260407,31,31000,31000001,울주01,남창역-남창역,3104081,남창역,3104080,남창역
20260407,31,31000,31000002,울주02,남창역-남창역,3104081,남창역,3104080,남창역
20260407,31,31000,31064810,울주81(65810),남창역-남창역,3104081,남창역,3104080,남창역
20260407,31,31000,31064820,울주82(65820),남창역-남창역,3104081,남창역,3104080,남창역
20260407,31,31000,31065810,울주81,남창역-남창역,3104081,남창역,3104080,남창역
20260407,31,31000,31065820,울주82,남창역-남창역,3104081,남창역,3104080,남창역
20260407,31,31000,31065110,울주11(65110),망양역-망양역,3104295,망양역,3104295,망양역
20260407,31,31000,31003282,328-2,석남사-석남사,3101894,석남사,3101841,석남사
20260407,31,31000,31003532,353-2,석남사-석남사,3101894,석남사,3101841,석남사
20260407,31,31000,31001022,102-2,꽃바위-달천회관,3100440,꽃바위,3100876,달천회관
20260407,31,31000,31001121,112-1,꽃바위-달천회관,3100440,꽃바위,3100876,달천회관
20260407,31,31000,31001281,128-1,꽃바위-달천회관,3100439,꽃바위,3100876,달천회관
20260407,31,31000,31001223,122-3,꽃바위-북울산역,3100439,꽃바위,3104089,북울산역
20260407,31,31000,31001072,107-2,꽃바위-태화강역,3100440,꽃바위,3100586,태화강역
20260407,31,31000,31001272,127-2,꽃바위-태화강역,3100439,꽃바위,3100586,태화강역
20260407,31,31000,31009260,926,상개동-개운포역,3101088,상개동,3104055,개운포역
20260407,31,31000,31062060,남구06(62060),상개동-개운포역,3101088,상개동,3104055,개운포역
20260407,31,31000,31008071,807-1,석남사-태화강역,3101841,석남사,3104108,태화강역
20260407,31,31000,31001032,103-2,꽃바위-들꽃학습원,3100440,꽃바위,3101779,들꽃학습원
20260407,31,31000,31001232,123-2,꽃바위-천상중학교,3100439,꽃바위,3100328,천상중학교
20260407,31,31000,31001312,131-2,꽃바위-벽산유토피아,3100440,꽃바위,3101278,벽산유토피아
20260407,31,31000,31001421,142-1,꽃바위-농소공영차고지,3100439,꽃바위,3102798,농소공영차고지
20260407,31,31000,31001082,108-2,꽃바위-성안청구아파트,3100440,꽃바위,3103542,성안청구아파트
20260407,31,31000,31009582,958-2,남창역-덕하공영차고지,3104081,남창역,3103952,덕하공영차고지
20260407,31,31000,31004262,426-2,변전소-덕하공영차고지,3101375,변전소,3103953,덕하공영차고지
20260407,31,31000,31009261,926-1,상개동-현대백화점정문,3101088,상개동,3100515,현대백화점정문
20260407,31,31000,31062061,남구06-1(62061),상개동-현대백화점정문,3101088,상개동,3100515,현대백화점정문
20260407,31,31000,31002261,226-1,장생포-농소공영차고지,3100559,장생포,3102798,농소공영차고지
20260407,31,31000,31002264,226-4,장생포-농소공영차고지,3100559,장생포,3102798,농소공영차고지
20260407,31,31000,31002362,236-2,장생포-농소공영차고지,3100559,장생포,3102798,농소공영차고지
20260407,31,31000,31002464,246-4,장생포-농소공영차고지,3100559,장생포,3102798,농소공영차고지
20260407,31,31000,31002562,256-2,장생포-농소공영차고지,3100559,장생포,3102798,농소공영차고지
20260407,31,31000,31001181,118-1,꽃바위-우정동행정복지센,3100439,꽃바위,3100074,우정동행정복지센터입구
20260407,31,31000,31007112,711-2,꽃바위-명촌차고지(종점,3100439,꽃바위,3104229,명촌차고지(종점)
20260407,31,31000,31007211,721-1,꽃바위-명촌차고지(종점,3100439,꽃바위,3104229,명촌차고지(종점)
20260407,31,31000,31007311,731-1,꽃바위-명촌차고지(종점,3100440,꽃바위,3104229,명촌차고지(종점)
20260407,31,31000,31007411,741-1,꽃바위-명촌차고지(종점,3100439,꽃바위,3104229,명촌차고지(종점)
20260407,31,31000,31007131,713-1,삼호교-명촌차고지(종점,3101152,삼호교,3104229,명촌차고지(종점)
20260407,31,31000,31008073,807-3,석남사-구.언양버스터미,3101841,석남사,3101613,구.언양버스터미널
20260407,31,31000,31003153,315-3,통도사.신평버스-동부주공,3102299,통도사.신평버스터미널,3101618,동부주공
20260407,31,31000,31008171,817-1,통도사.신평버스-태화강역,3102299,통도사.신평버스터미널,3104108,태화강역
20260407,31,31000,31003152,315-2,통도사.신평버스-경의고등학교,3102299,통도사.신평버스터미널,3101850,경의고등학교
20260407,31,31000,31003150,315,통도사.신평버스-통도사.신평버스,3102299,통도사.신평버스터미널,3102299,통도사.신평버스터미널
20260407,31,31000,31003230,323,사촌(삼동면사무-삼동초등학교,3101941,사촌(삼동면사무소),3102062,삼동초등학교
20260407,31,31000,31003134,313-4,사촌(삼동면사무-구.언양버스터미,3101941,사촌(삼동면사무소),3101649,구.언양버스터미널
20260407,31,31000,31003234,323-4,사촌(삼동면사무-구.언양버스터미,3101941,사촌(삼동면사무소),3101649,구.언양버스터미널
20260407,31,31000,31058010,마실고래(9991),기점(울산)-종점(울산),3103282,기점(울산),3103284,종점(울산)
20260407,31,31000,31025001,씨티1,기점-종점,3103282,기점(울산),3103284,종점(울산)
20260407,31,31000,31050053,5005-3,달천-달천,3103079,달천,3102599,달천
20260407,31,31000,31004214,421-4,대안-율리,3100647,대안,3100596,율리
20260407,31,31000,31009420,942,동산-동산,3100533,동산,3100533,동산
20260407,31,31000,31009421,942-1,동산-동산,3100533,동산,3100533,동산
20260407,31,31000,31009422,942-2,동산-동산,3100533,동산,3100533,동산
20260407,31,31000,31009461,946-1,동산-동산,3100533,동산,3100533,동산
20260407,31,31000,31064030,북구03(64030),동산-동산,3100533,동산,3100533,동산
20260407,31,31000,31064031,북구03-1(64031),동산-동산,3100533,동산,3100533,동산
20260407,31,31000,31064032,북구03-2(64032),동산-동산,3100533,동산,3100533,동산
20260407,31,31000,31064061,북구06-1(64061),동산-동산,3100533,동산,3100533,동산
20260407,31,31000,31004021,402-1,모화-율리,3101018,모화,3100596,율리
20260407,31,31000,31007121,712-1,모화-율리,3101018,모화,3100596,율리
20260407,31,31000,31009210,921,법원-법원,3103164,법원,3103163,법원
20260407,31,31000,31009250,925,법원-법원,3103163,법원,3103164,법원
20260407,31,31000,31009280,928,법원-법원,3103164,법원,3103163,법원
20260407,31,31000,31062010,남구01(62010),법원-법원,3103164,법원,3103163,법원
20260407,31,31000,31062050,남구05(62050),법원-법원,3103163,법원,3103164,법원
20260407,31,31000,31062080,남구08(62080),법원-법원,3103164,법원,3103163,법원
20260407,31,31000,31000006,울주04,산현-산현,3102887,산현,3102888,산현
20260407,31,31000,31064840,울주84(65840),산현-산현,3102887,산현,3102888,산현
20260407,31,31000,31065840,울주84,산현-산현,3102887,산현,3102888,산현
20260407,31,31000,31097001,621-1,연암-연암,3101390,연암,3101353,연암
20260407,31,31000,31004171,417-1,와지-와지,3102361,와지,3102360,와지
20260407,31,31000,31000527,52-7,월내-남창,3103393,월내,3100930,온양우체국
20260407,31,31000,31000526,52-6,월내-월내,3103393,월내,3102480,월내
20260407,31,31000,31004213,421-3,율리-대안,3100597,율리,3100647,대안
20260407,31,31000,31004022,402-2,율리-모화,3100597,율리,3101018,모화
20260407,31,31000,31007122,712-2,율리-모화,3100597,율리,3101019,모화
20260407,31,31000,31001040,104,율리-율리,3100597,율리,3100596,율리
20260407,31,31000,31001240,124,율리-율리,3100597,율리,3100596,율리
20260407,31,31000,31002140,214,율리-율리,3100597,율리,3100596,율리
20260407,31,31000,31002143,214-3,율리-율리,3100597,율리,3100596,율리
20260407,31,31000,31003040,304,율리-율리,3100597,율리,3100596,율리
20260407,31,31000,31003041,304-1,율리-율리,3100597,율리,3100596,율리
20260407,31,31000,31003042,304-2,율리-율리,3100597,율리,3100596,율리
20260407,31,31000,31003043,304-3,율리-율리,3100597,율리,3100596,율리
20260407,31,31000,31003140,314,율리-율리,3100597,율리,3100596,율리
20260407,31,31000,31003283,328-3,율리-율리,3100597,율리,3100596,율리
20260407,31,31000,31004010,401,율리-율리,3100597,율리,3100596,율리
20260407,31,31000,31004020,402,율리-율리,3100597,율리,3100596,율리
20260407,31,31000,31004050,405,율리-율리,3100597,율리,3100596,율리
20260407,31,31000,31004060,406,율리-율리,3100597,율리,3100596,율리
20260407,31,31000,31004070,407,율리-율리,3100597,율리,3100596,율리
20260407,31,31000,31004080,408,율리-율리,3100597,율리,3100596,율리
20260407,31,31000,31004120,412,율리-율리,3100597,율리,3100596,율리
20260407,31,31000,31004123,412-3,율리-율리,3100597,율리,3100596,율리
20260407,31,31000,31004130,413,율리-율리,3100597,율리,3100596,율리
20260407,31,31000,31004140,414,율리-율리,3100597,율리,3100596,율리
20260407,31,31000,31004150,415,율리-율리,3100597,율리,3100596,율리
20260407,31,31000,31004160,416,율리-율리,3100597,율리,3100596,율리
20260407,31,31000,31004170,417,율리-율리,3100597,율리,3100596,율리
20260407,31,31000,31004180,418,율리-율리,3100597,율리,3100596,율리
20260407,31,31000,31004220,422,율리-율리,3100597,율리,3100596,율리
20260407,31,31000,31004230,423,율리-율리,3100597,율리,3100596,율리
20260407,31,31000,31004270,427,율리-율리,3100597,율리,3100596,율리
20260407,31,31000,31004280,428,율리-율리,3100597,율리,3100596,율리
20260407,31,31000,31004310,431,율리-율리,3100597,율리,3100596,율리
20260407,31,31000,31004320,432,율리-율리,3100597,율리,3100596,율리
20260407,31,31000,31004330,433,율리-율리,3100597,율리,3100596,율리
20260407,31,31000,31004380,438,율리-율리,3100597,율리,3100596,율리
20260407,31,31000,31004420,442,율리-율리,3100597,율리,3100596,율리
20260407,31,31000,31004520,452,율리-율리,3100597,율리,3100596,율리
20260407,31,31000,31004530,453,율리-율리,3100597,율리,3100596,율리
20260407,31,31000,31004620,462,율리-율리,3100597,율리,3100596,율리
20260407,31,31000,31004720,472,율리-율리,3100597,율리,3100596,율리
20260407,31,31000,31004820,482,율리-율리,3100597,율리,3100596,율리
20260407,31,31000,31004920,492,율리-율리,3100597,율리,3100596,율리
20260407,31,31000,31005040,504,율리-율리,3100597,율리,3100596,율리
20260407,31,31000,31005041,504-1,율리-율리,3100597,율리,3100596,율리
20260407,31,31000,31008240,824,율리-율리,3100597,율리,3100596,율리
20260407,31,31000,31009520,952,율리-율리,3100597,율리,3100596,율리
20260407,31,31000,31009521,952-1,율리-율리,3100597,율리,3100596,율리
20260407,31,31000,31009550,955,율리-율리,3100597,율리,3100596,율리
20260407,31,31000,31009552,955-2,율리-율리,3100597,율리,3100596,율리
20260407,31,31000,31009553,955-3,율리-율리,3100597,율리,3100596,율리
20260407,31,31000,31009554,955-4,율리-율리,3100597,율리,3100596,율리
20260407,31,31000,31009570,957,율리-율리,3100597,율리,3100596,율리
20260407,31,31000,31009571,957-1,율리-율리,3100597,율리,3100596,율리
20260407,31,31000,31009572,957-2,율리-율리,3100597,율리,3100596,율리
20260407,31,31000,31009780,978,율리-율리,3100597,율리,3100596,율리
20260407,31,31000,31013280,1328,율리-율리,3100597,율리,3100596,율리
20260407,31,31000,31014010,1401,율리-율리,3100597,율리,3100596,율리
20260407,31,31000,31014110,1411,율리-율리,3100597,율리,3100596,율리
20260407,31,31000,31014111,1411-1,율리-율리,3100597,율리,3100596,율리
20260407,31,31000,31014130,1413,율리-율리,3100597,율리,3100596,율리
20260407,31,31000,31014131,1413-1,율리-율리,3100597,율리,3100596,율리
20260407,31,31000,31014210,1421,율리-율리,3100597,율리,3100596,율리
20260407,31,31000,31014211,1421-1,율리-율리,3100597,율리,3100596,율리
20260407,31,31000,31014320,1432,율리-율리,3100597,율리,3100596,율리
20260407,31,31000,31014321,1432-1,율리-율리,3100597,율리,3100596,율리
20260407,31,31000,31014520,1452,율리-율리,3100597,율리,3100596,율리
20260407,31,31000,31014521,1452-1,율리-율리,3100597,율리,3100596,율리
20260407,31,31000,31014620,1462,율리-율리,3100597,율리,3100596,율리
20260407,31,31000,31014621,1462-1,율리-율리,3100597,율리,3100596,율리
20260407,31,31000,31060310,순환31(66310),율리-율리,3100597,율리,3100596,율리
20260407,31,31000,31060320,순환32(66320),율리-율리,3100597,율리,3100596,율리
20260407,31,31000,31062120,남구12(62120),율리-율리,3100597,율리,3100596,율리
20260407,31,31000,31062130,남구13(62130),율리-율리,3100597,율리,3100596,율리
20260407,31,31000,31062140,남구14(62140),율리-율리,3100597,율리,3100596,율리
20260407,31,31000,31062520,남구52(62520),율리-율리,3100597,율리,3100596,율리
20260407,31,31000,31065020,울주02(65020),율리-율리,3100597,율리,3100596,율리
20260407,31,31000,31065021,울주02-1(65021),율리-율리,3100597,율리,3100596,율리
20260407,31,31000,31065070,울주07(65070),율리-율리,3100597,율리,3100596,율리
20260407,31,31000,31065071,울주07-1(65071),율리-율리,3100597,율리,3100596,율리
20260407,31,31000,31065072,울주07-2(65072),율리-율리,3100597,율리,3100596,율리
20260407,31,31000,31066310,순환31,율리-율리,3100597,율리,3100596,율리
20260407,31,31000,31066320,순환32,율리-율리,3100597,율리,3100596,율리
20260407,31,31000,31001221,122-1,모화-꽃바위,3101018,모화,3100440,꽃바위
20260407,31,31000,31002063,206-3,연암-변전소,3101390,연암,3101375,변전소
20260407,31,31000,31001042,104-2,율리-꽃바위,3100597,율리,3100440,꽃바위
20260407,31,31000,31001062,106-2,율리-꽃바위,3100597,율리,3100439,꽃바위
20260407,31,31000,31001142,114-2,율리-꽃바위,3100597,율리,3100440,꽃바위
20260407,31,31000,31001342,134-2,율리-꽃바위,3100597,율리,3100439,꽃바위
20260407,31,31000,31004012,401-2,율리-꽃바위,3100597,율리,3100440,꽃바위
20260407,31,31000,31014012,1401-2,율리-꽃바위,3100597,율리,3100440,꽃바위
20260407,31,31000,31004131,413-1,율리-석남사,3100597,율리,3101841,석남사
20260407,31,31000,31004061,406-1,율리-장생포,3100597,율리,3100560,장생포
20260407,31,31000,31004161,416-1,율리-장생포,3100597,율리,3100560,장생포
20260407,31,31000,31004212,421-2,대안-태화강역,3100647,대안,3104108,태화강역
20260407,31,31000,31008023,802-3,봉계-태화강역,3101655,봉계,3104108,태화강역
20260407,31,31000,31000529,52-9,월내-거남마을,3103393,월내,3102509,거남마을
20260407,31,31000,31005210,52-10,월내-거남마을,3103393,월내,3102509,거남마을
20260407,31,31000,31004522,452-2,율리-달천회관,3100597,율리,3100876,달천회관
20260407,31,31000,31004532,453-2,율리-달천회관,3100597,율리,3100876,달천회관
20260407,31,31000,31004152,415-2,율리-삼일여고,3100597,율리,3102162,삼일고앞
20260407,31,31000,31062131,남구13-1(62131),율리-성광여고,3100597,율리,3101411,성광여고
20260407,31,31000,31004181,418-1,율리-성안종점,3100597,율리,3104105,성안종점
20260407,31,31000,31004281,428-1,율리-성안종점,3100597,율리,3104105,성안종점
20260407,31,31000,31003331,333-1,율림-삼남신화,3102149,율림,3102589,삼남신화
20260407,31,31000,31007322,732-2,천곡-태화강역,3100845,천곡,3100586,태화강역
20260407,31,31000,31000500,50,남창-온양우체국,3100945,남창,3100930,온양우체국
20260407,31,31000,31000502,50-2,남창-온양우체국,3100945,남창,3100930,온양우체국
20260407,31,31000,31064510,울주51(65510),남창-온양우체국,3100945,남창,3100930,온양우체국
20260407,31,31000,31064512,울주51-2(65512),남창-온양우체국,3100945,남창,3100930,온양우체국
20260407,31,31000,31065510,울주51,남창-온양우체국,3100945,남창,3100930,온양우체국
20260407,31,31000,31065512,울주51-2,남창-온양우체국,3100945,남창,3100930,온양우체국
20260407,31,31000,31064101,북구10-1(64101),대안-활어직판장,3103668,대안,3104101,활어직판장
20260407,31,31000,31004082,408-2,율리-골드클래스,3100597,율리,3102976,골드클래스
20260407,31,31000,31004381,438-1,율리-골드클래스,3100597,율리,3102977,골드클래스
20260407,31,31000,31008242,824-2,율리-골드클래스,3100597,율리,3102976,골드클래스
20260407,31,31000,31004331,433-1,율리-천상중학교,3100597,율리,3100328,천상중학교
20260407,31,31000,31004051,405-1,율리-서생체육공원,3100597,율리,3103467,서생체육공원
20260407,31,31000,31001241,124-1,율리-지웰시티자이,3100597,율리,3104143,지웰시티자이
20260407,31,31000,31008025,802-5,봉계-농소공영차고지,3101655,봉계,3102798,농소공영차고지
20260407,31,31000,31004221,422-1,율리-농소공영차고지,3100597,율리,3101031,농소공영차고지
20260407,31,31000,31004621,462-1,율리-농소공영차고지,3100597,율리,3102798,농소공영차고지
20260407,31,31000,31004822,482-2,율리-농소공영차고지,3100597,율리,3102798,농소공영차고지
20260407,31,31000,31004922,492-2,율리-농소공영차고지,3100597,율리,3102798,농소공영차고지
20260407,31,31000,31007143,714-3,율리-농소공영차고지,3100597,율리,3102798,농소공영차고지
20260407,31,31000,31005042,504-2,율리-덕하공영차고지,3100597,율리,3103953,덕하공영차고지
20260407,31,31000,31009555,955-5,율리-덕하공영차고지,3100597,율리,3103953,덕하공영차고지
20260407,31,31000,31005044,504-4,율리-동원아파트입구,3100597,율리,3103584,동원아파트입구
20260407,31,31000,31000782,78-2,송정-언양임시시외터미,3103975,송정,3103942,언양임시시외터미널
20260407,31,31000,31007632,763-2,봉계-명촌차고지(종점,3101655,봉계,3104229,명촌차고지(종점)
20260407,31,31000,31064863,울주86-3(65863),지곡-구.언양버스터미,3104151,지곡,3101649,구.언양버스터미널
20260407,31,31000,31004135,413-5,구.언양버스터미-율리,3101613,구.언양버스터미널,3100596,율리
20260407,31,31000,31003381,338-1,구.언양버스터미-태종,3101649,구.언양버스터미널,3103412,태종
20260407,31,31000,31003631,363-1,구.언양버스터미-태종,3101649,구.언양버스터미널,3103412,태종
20260407,31,31000,31008074,807-4,구.언양버스터미-석남사,3101649,구.언양버스터미널,3101894,석남사
20260407,31,31000,31064862,울주86-2(65862),구.언양버스터미-태기마을,3101649,구.언양버스터미널,3104164,태기마을
20260407,31,31000,31003232,323-2,구.언양버스터미-사촌(삼동면사무,3101649,구.언양버스터미널,3102781,사촌(삼동면사무소)
20260407,31,31000,31003281,328-1,구.언양버스터미-구.언양버스터미,3101649,구.언양버스터미널,3101613,구.언양버스터미널
20260407,31,31000,31003531,353-1,구.언양버스터미-구.언양버스터미,3101649,구.언양버스터미널,3101613,구.언양버스터미널
20260407,31,31000,31007022,702-2,매곡푸르지오1차-태화강역,3103529,매곡푸르지오1차,3104108,태화강역
20260407,31,31000,31007731,773-1,명촌차고지(기점-우미린1차,3104228,명촌차고지(기점),3103817,우미린1차
20260407,31,31000,31001473,147-3,북구청남문-푸르지오1차,3101355,북구청남문,3103108,푸르지오1차
20260407,31,31000,31001472,147-2,태화강역-푸르지오1차,3100586,태화강역,3103108,푸르지오1차
20260407,31,31000,31008371,837-1,태화강역-우미린1차,3104092,태화강역,3103817,우미린1차
20260407,31,31000,31001321,132-1,푸르지오1차-꽃바위,3103109,푸르지오1차,3100439,꽃바위
20260407,31,31000,31001471,147-1,푸르지오1차-태화강역,3103109,푸르지오1차,3104108,태화강역
20260407,31,31000,31001212,121-2,꽃바위-푸르지오1차,3100440,꽃바위,3103108,푸르지오1차
20260407,31,31000,31001322,132-2,꽃바위-푸르지오1차,3100440,꽃바위,3103108,푸르지오1차
20260407,31,31000,31008372,837-2,우미린1차-태화강역,3103817,우미린1차,3104108,태화강역
20260407,31,31000,31007732,773-2,우미린1차-명촌차고지(종점,3103817,우미린1차,3104229,명촌차고지(종점)
20260407,31,31000,31004321,432-1,율리-부영1단지,3100597,율리,3104235,부영1단지
20260407,31,31000,31009220,922,신정현대홈106-신정현대홈106,3100632,신정현대홈106동,3100632,신정현대홈106동
20260407,31,31000,31062020,남구02(62020),신정현대홈106-신정현대홈106,3100632,신정현대홈106동,3100632,신정현대홈106동
20260407,31,31000,31000110,11,우정선경1차아파-우정선경1차아파,3102315,우정선경1차아파트,3102315,우정선경1차아파트
20260407,31,31000,31061520,중구52(61520),우정선경1차아파-우정선경1차아파,3102315,우정선경1차아파트,3102315,우정선경1차아파트
20260407,31,31000,31002142,214-2,금강펜테리움2차-율리,3103797,금강펜테리움2차,3100596,율리
20260407,31,31000,31002144,214-4,금강펜테리움2차-율리,3103797,금강펜테리움2차,3100596,율리
20260407,31,31000,31004122,412-2,금강펜테리움2차-율리,3103797,금강펜테리움2차,3100596,율리
20260407,31,31000,31004124,412-4,금강펜테리움2차-율리,3103797,금강펜테리움2차,3100596,율리
20260407,31,31000,31007132,713-2,태화강역-쌍용하나빌리지2,3100585,태화강역,3101043,쌍용하나빌리지206
20260407,31,31000,31002141,214-1,율리-금강펜테리움2차,3100597,율리,3103797,금강펜테리움2차
20260407,31,31000,31004121,412-1,율리-금강펜테리움2차,3100597,율리,3103797,금강펜테리움2차
20260407,31,31000,31004322,432-2,부영2단지-율리,3104236,부영2단지,3100596,율리
20260407,31,31000,31009772,977-2,동문굿모닝힐-옥현주공3단지,3102851,동문굿모닝힐,3100524,옥현주공3단지
20260407,31,31000,31062122,남구12-2,동문굿모닝힐-옥현주공3단지,3102851,동문굿모닝힐,3100524,옥현주공3단지
20260407,31,31000,31004271,427-1,평창리비에르3차-율리,3102216,평창리비에르3차,3100596,율리
20260407,31,31000,31004422,442-2,평창리비에르3차-율리,3102216,평창리비에르3차,3100596,율리
20260407,31,31000,31009451,945-1,평창리비에르3차-울산도서관,3102215,평창리비에르3차,3103659,울산도서관
20260407,31,31000,31009452,945-2,울산도서관-평창리비에르3차,3103659,울산도서관,3102216,평창리비에르3차
20260407,31,31000,31000211,21-1,강변그린빌-옥현주공3단지,3102240,강변그린빌,3100523,옥현주공3단지
20260407,31,31000,31062511,남구51-1(62511),강변그린빌-옥현주공3단지,3102240,강변그린빌,3100523,옥현주공3단지
20260407,31,31000,31000212,21-2,옥현주공3단지-강변그린빌,3100523,옥현주공3단지,3102240,강변그린빌
20260407,31,31000,31062512,남구51-2(62512),옥현주공3단지-강변그린빌,3100523,옥현주공3단지,3102240,강변그린빌
20260407,31,31000,31000221,22-1,옥현주공3단지-수필아파트,3100524,옥현주공3단지,3102577,수필아파트
20260407,31,31000,31009771,977-1,옥현주공3단지-수필아파트,3100524,옥현주공3단지,3102577,수필아파트
20260407,31,31000,31062121,남구12-1,옥현주공3단지-수필아파트,3100524,옥현주공3단지,3102577,수필아파트
20260407,31,31000,31004272,427-2,율리-평창리비에르3차,3100597,율리,3102216,평창리비에르3차
20260407,31,31000,31004421,442-1,율리-평창리비에르3차,3100597,율리,3102216,평창리비에르3차
20260407,31,31000,31009510,951,쌍용하나빌리지3-쌍용하나빌리지3,3101042,쌍용하나빌리지종점,3101042,쌍용하나빌리지종점
20260407,31,31000,31009511,951-1,쌍용하나빌리지3-쌍용하나빌리지3,3101042,쌍용하나빌리지종점,3101042,쌍용하나빌리지종점
20260407,31,31000,31009450,945,평창리비에르3차-평창리비에르3차,3102215,평창리비에르3차,3102216,평창리비에르3차
20260407,31,31000,31009557,955-7,무거중고교-한라3.4차아파,3102580,무거중고교,3102283,한라3.4차아파트
20260407,31,31000,31009551,955-1,한라3.4차아파-무거중고교,3102247,한라3.4차아파트,3102580,무거중고교
20260407,31,31000,31003284,328-4,태봉마을-KTX울산역,3102671,태봉마을,3102588,KTX울산역
20260407,31,31000,31003534,353-4,태봉마을-KTX울산역,3102671,태봉마을,3102588,KTX울산역
20260407,31,31000,31004134,413-4,석남사-KTX울산역,3101841,석남사,3102588,KTX울산역
20260407,31,31000,31004133,413-3,KTX울산역-석남사,3102588,KTX울산역,3101841,석남사
20260407,31,31000,31003285,328-5,KTX울산역-태봉마을,3102588,KTX울산역,3103411,태봉마을
20260407,31,31000,31003535,353-5,KTX울산역-태봉마을,3102588,KTX울산역,3103411,태봉마을
20260407,31,31000,31003083,308-3,KTX울산역-반천일반산업단지,3102588,KTX울산역,3103504,반천일반산업단지입구
20260407,31,31000,31003133,313-3,KTX울산역-반천일반산업단지,3102588,KTX울산역,3103504,반천일반산업단지입구
20260407,31,31000,31003280,328,KTX울산역-KTX울산역,3102588,KTX울산역,3102588,KTX울산역
20260407,31,31000,31003530,353,KTX울산역-KTX울산역,3102588,KTX울산역,3102588,KTX울산역
20260407,31,31000,31050010,5001,KTX울산역-KTX울산역,3103519,KTX울산역,3102588,KTX울산역
20260407,31,31000,31050011,5001-1,KTX울산역-KTX울산역,3103519,KTX울산역,3102588,KTX울산역
20260407,31,31000,31050020,5002,KTX울산역-KTX울산역,3103519,KTX울산역,3102588,KTX울산역
20260407,31,31000,31050021,5002-1,KTX울산역-KTX울산역,3103519,KTX울산역,3102588,KTX울산역
20260407,31,31000,31050030,5003,KTX울산역-KTX울산역,3103519,KTX울산역,3102588,KTX울산역
20260407,31,31000,31050031,5003-1,KTX울산역-KTX울산역,3103519,KTX울산역,3102588,KTX울산역
20260407,31,31000,31050032,5003-2,KTX울산역-KTX울산역,3103519,KTX울산역,3102588,KTX울산역
20260407,31,31000,31050033,5003-3,KTX울산역-KTX울산역,3103519,KTX울산역,3102588,KTX울산역
20260407,31,31000,31050040,5004,KTX울산역-KTX울산역,3103519,KTX울산역,3102588,KTX울산역
20260407,31,31000,31050041,5004-1,KTX울산역-KTX울산역,3103519,KTX울산역,3102588,KTX울산역
20260407,31,31000,31050050,5005,KTX울산역-KTX울산역,3103519,KTX울산역,3102588,KTX울산역
20260407,31,31000,31050051,5005-1,KTX울산역-KTX울산역,3103519,KTX울산역,3102588,KTX울산역
20260407,31,31000,31050052,5005-2,KTX울산역-KTX울산역,3103519,KTX울산역,3102588,KTX울산역
